{
  "content": [
    {
      "path": "ContentInfo/destroyer121-c17/Thumbnail.jpg",
      "size": 13520,
      "date": 132418281640000000
    },
    {
      "path": "de-DE.locPak",
      "size": 2410,
      "date": 132669470959795629
    },
    {
      "path": "Effects/C17int.fx",
      "size": 1362,
      "date": 132626636269379986
    },
    {
      "path": "en-US.locPak",
      "size": 2014,
      "date": 132669470959785656
    },
    {
      "path": "es-ES.locPak",
      "size": 2171,
      "date": 132669470959765696
    },
    {
      "path": "fr-FR.locPak",
      "size": 2272,
      "date": 132669470959805597
    },
    {
      "path": "it-IT.locPak",
      "size": 2223,
      "date": 132669470959805597
    },
    {
      "path": "ja-JP.locPak",
      "size": 2523,
      "date": 132669470959755731
    },
    {
      "path": "nl-NL.locPak",
      "size": 2149,
      "date": 132669470959775677
    },
    {
      "path": "pl-PL.locPak",
      "size": 2327,
      "date": 132669470959765696
    },
    {
      "path": "pt-BR.locPak",
      "size": 2114,
      "date": 132669470959755731
    },
    {
      "path": "ru-RU.locPak",
      "size": 3379,
      "date": 132669470959795629
    },
    {
      "path": "SimObjects/Airplanes/C17/.target_performance.cfg",
      "size": 2300,
      "date": 132659538046971026
    },
    {
      "path": "SimObjects/Airplanes/C17/ai.cfg",
      "size": 1528,
      "date": 132669909786857855
    },
    {
      "path": "SimObjects/Airplanes/C17/aircraft.cfg",
      "size": 11251,
      "date": 132669909797621945
    },
    {
      "path": "SimObjects/Airplanes/C17/aircraft.loc",
      "size": 26718,
      "date": 132648951631096670
    },
    {
      "path": "SimObjects/Airplanes/C17/approach.FLT",
      "size": 5188,
      "date": 132648951631156517
    },
    {
      "path": "SimObjects/Airplanes/C17/apron.FLT",
      "size": 5057,
      "date": 132648951631206375
    },
    {
      "path": "SimObjects/Airplanes/C17/cameras.cfg",
      "size": 25261,
      "date": 132669909760064296
    },
    {
      "path": "SimObjects/Airplanes/C17/Climb.flt",
      "size": 5193,
      "date": 132648951631296132
    },
    {
      "path": "SimObjects/Airplanes/C17/cockpit.cfg",
      "size": 5005,
      "date": 132669909786644531
    },
    {
      "path": "SimObjects/Airplanes/C17/cruise.FLT",
      "size": 5188,
      "date": 132648951631336032
    },
    {
      "path": "SimObjects/Airplanes/C17/engines.cfg",
      "size": 8683,
      "date": 132669909776128405
    },
    {
      "path": "SimObjects/Airplanes/C17/final.FLT",
      "size": 5196,
      "date": 132648951631355975
    },
    {
      "path": "SimObjects/Airplanes/C17/flight_model.cfg",
      "size": 15883,
      "date": 132669909774454103
    },
    {
      "path": "SimObjects/Airplanes/C17/gameplay.cfg",
      "size": 1144,
      "date": 132669909786684568
    },
    {
      "path": "SimObjects/Airplanes/C17/hangar.flt",
      "size": 4167,
      "date": 132648951631425810
    },
    {
      "path": "SimObjects/Airplanes/C17/model/C17.bin",
      "size": 6192210,
      "date": 132669887676233059
    },
    {
      "path": "SimObjects/Airplanes/C17/model/C17.gltf",
      "size": 470208,
      "date": 132669887676282942
    },
    {
      "path": "SimObjects/Airplanes/C17/model/c17.xml",
      "size": 17094,
      "date": 132668108224316867
    },
    {
      "path": "SimObjects/Airplanes/C17/model/C17int.bin",
      "size": 15818160,
      "date": 132669906100973735
    },
    {
      "path": "SimObjects/Airplanes/C17/model/C17int.gltf",
      "size": 1224914,
      "date": 132669906101066377
    },
    {
      "path": "SimObjects/Airplanes/C17/model/c17int.xml",
      "size": 124917,
      "date": 132669904938607898
    },
    {
      "path": "SimObjects/Airplanes/C17/model/model.CFG",
      "size": 664,
      "date": 132660867338047983
    },
    {
      "path": "SimObjects/Airplanes/C17/Notice.txt",
      "size": 156,
      "date": 132648951636769756
    },
    {
      "path": "SimObjects/Airplanes/C17/Panel/panel.cfg",
      "size": 1245,
      "date": 132669088835102898
    },
    {
      "path": "SimObjects/Airplanes/C17/Panel/panel.xml",
      "size": 21623,
      "date": 132659538053319721
    },
    {
      "path": "SimObjects/Airplanes/C17/runway.flt",
      "size": 5053,
      "date": 132648951636799679
    },
    {
      "path": "SimObjects/Airplanes/C17/sound/baapdis.wav",
      "size": 14014,
      "date": 132659538053545245
    },
    {
      "path": "SimObjects/Airplanes/C17/sound/baglide.wav",
      "size": 7358,
      "date": 132659538053720088
    },
    {
      "path": "SimObjects/Airplanes/C17/sound/ban11.wav",
      "size": 57070,
      "date": 132659538053909592
    },
    {
      "path": "SimObjects/Airplanes/C17/sound/ban12.wav",
      "size": 74478,
      "date": 132659538054081235
    },
    {
      "path": "SimObjects/Airplanes/C17/sound/ban13.wav",
      "size": 64750,
      "date": 132659538054250721
    },
    {
      "path": "SimObjects/Airplanes/C17/sound/ban14.wav",
      "size": 67778,
      "date": 132659538054430245
    },
    {
      "path": "SimObjects/Airplanes/C17/sound/ban1shut.wav",
      "size": 212246,
      "date": 132659538054629933
    },
    {
      "path": "SimObjects/Airplanes/C17/sound/ban1strt.wav",
      "size": 398170,
      "date": 132659538054829179
    },
    {
      "path": "SimObjects/Airplanes/C17/sound/ban21.wav",
      "size": 56002,
      "date": 132659538055000241
    },
    {
      "path": "SimObjects/Airplanes/C17/sound/ban22.wav",
      "size": 58562,
      "date": 132659538055170061
    },
    {
      "path": "SimObjects/Airplanes/C17/sound/ban23.wav",
      "size": 69314,
      "date": 132659538055339654
    },
    {
      "path": "SimObjects/Airplanes/C17/sound/ban24.wav",
      "size": 58562,
      "date": 132659538055528826
    },
    {
      "path": "SimObjects/Airplanes/C17/sound/ban2shut.wav",
      "size": 266518,
      "date": 132659538055733829
    },
    {
      "path": "SimObjects/Airplanes/C17/sound/ban2strt.wav",
      "size": 63254,
      "date": 132659538055903152
    },
    {
      "path": "SimObjects/Airplanes/C17/sound/ban2t.wav",
      "size": 117594,
      "date": 132659538056082673
    },
    {
      "path": "SimObjects/Airplanes/C17/sound/baover.wav",
      "size": 22762,
      "date": 132659538056252438
    },
    {
      "path": "SimObjects/Airplanes/C17/sound/bbn11.wav",
      "size": 48878,
      "date": 132659538056411977
    },
    {
      "path": "SimObjects/Airplanes/C17/sound/bbn12.wav",
      "size": 55534,
      "date": 132659538056591312
    },
    {
      "path": "SimObjects/Airplanes/C17/sound/bbn13.wav",
      "size": 46830,
      "date": 132659538056770829
    },
    {
      "path": "SimObjects/Airplanes/C17/sound/bbn14.wav",
      "size": 61634,
      "date": 132659538056940373
    },
    {
      "path": "SimObjects/Airplanes/C17/sound/bbn1shut.wav",
      "size": 217878,
      "date": 132659538057129869
    },
    {
      "path": "SimObjects/Airplanes/C17/sound/bbn1strt.wav",
      "size": 351578,
      "date": 132659538057329600
    },
    {
      "path": "SimObjects/Airplanes/C17/sound/bbn21.wav",
      "size": 64194,
      "date": 132659538057498885
    },
    {
      "path": "SimObjects/Airplanes/C17/sound/bbn22.wav",
      "size": 72386,
      "date": 132659538057678584
    },
    {
      "path": "SimObjects/Airplanes/C17/sound/bbn23.wav",
      "size": 65218,
      "date": 132659538057853615
    },
    {
      "path": "SimObjects/Airplanes/C17/sound/bbn24.wav",
      "size": 71874,
      "date": 132659538058013324
    },
    {
      "path": "SimObjects/Airplanes/C17/sound/bbn2shut.wav",
      "size": 260886,
      "date": 132659538058212657
    },
    {
      "path": "SimObjects/Airplanes/C17/sound/bbn2strt.wav",
      "size": 51990,
      "date": 132659538058412130
    },
    {
      "path": "SimObjects/Airplanes/C17/sound/bbn2t.wav",
      "size": 122714,
      "date": 132659538058581668
    },
    {
      "path": "SimObjects/Airplanes/C17/sound/bmflaps.wav",
      "size": 75580,
      "date": 132659538058751438
    },
    {
      "path": "SimObjects/Airplanes/C17/sound/bmgeardn.wav",
      "size": 122046,
      "date": 132659538058930578
    },
    {
      "path": "SimObjects/Airplanes/C17/sound/bmgearup.wav",
      "size": 125118,
      "date": 132659538059100151
    },
    {
      "path": "SimObjects/Airplanes/C17/sound/bmgwarn.wav",
      "size": 15082,
      "date": 132659538059269960
    },
    {
      "path": "SimObjects/Airplanes/C17/sound/door_large_close.wav",
      "size": 134976,
      "date": 132659538059469158
    },
    {
      "path": "SimObjects/Airplanes/C17/sound/door_large_open.wav",
      "size": 119092,
      "date": 132659538059658657
    },
    {
      "path": "SimObjects/Airplanes/C17/sound/sound.cfg",
      "size": 20070,
      "date": 132659538059824103
    },
    {
      "path": "SimObjects/Airplanes/C17/sound/x737a-n1f01.wav",
      "size": 169110,
      "date": 132659538060011501
    },
    {
      "path": "SimObjects/Airplanes/C17/sound/x737a-n1f02.wav",
      "size": 204102,
      "date": 132659538060200782
    },
    {
      "path": "SimObjects/Airplanes/C17/sound/x737a-n1f03.wav",
      "size": 125314,
      "date": 132659538060370540
    },
    {
      "path": "SimObjects/Airplanes/C17/sound/x737a-n1f04.wav",
      "size": 136332,
      "date": 132659538060559914
    },
    {
      "path": "SimObjects/Airplanes/C17/sound/x737a-n2r01.wav",
      "size": 187284,
      "date": 132659538060769260
    },
    {
      "path": "SimObjects/Airplanes/C17/sound/x737a-n2r02.wav",
      "size": 148240,
      "date": 132659538060938801
    },
    {
      "path": "SimObjects/Airplanes/C17/sound/x737a-n2r03.wav",
      "size": 138630,
      "date": 132659538061138543
    },
    {
      "path": "SimObjects/Airplanes/C17/sound/x737a-n2r04.wav",
      "size": 164760,
      "date": 132659538061322573
    },
    {
      "path": "SimObjects/Airplanes/C17/sound/x737b-n1f01.wav",
      "size": 169110,
      "date": 132659538061502100
    },
    {
      "path": "SimObjects/Airplanes/C17/sound/x737b-n1f02.wav",
      "size": 204102,
      "date": 132659538061691595
    },
    {
      "path": "SimObjects/Airplanes/C17/sound/x737b-n1f03.wav",
      "size": 125314,
      "date": 132659538061881078
    },
    {
      "path": "SimObjects/Airplanes/C17/sound/x737b-n1f04.wav",
      "size": 136332,
      "date": 132659538062080543
    },
    {
      "path": "SimObjects/Airplanes/C17/sound/x737b-n2r01.wav",
      "size": 187284,
      "date": 132659538062260073
    },
    {
      "path": "SimObjects/Airplanes/C17/sound/x737b-n2r02.wav",
      "size": 148240,
      "date": 132659538062439592
    },
    {
      "path": "SimObjects/Airplanes/C17/sound/x737b-n2r03.wav",
      "size": 138630,
      "date": 132659538062658996
    },
    {
      "path": "SimObjects/Airplanes/C17/sound/x737b-n2r04.wav",
      "size": 166690,
      "date": 132659538062828547
    },
    {
      "path": "SimObjects/Airplanes/C17/sound/xban1shut.wav",
      "size": 217340,
      "date": 132659538063018310
    },
    {
      "path": "SimObjects/Airplanes/C17/sound/xban1strt.wav",
      "size": 508736,
      "date": 132659538063252899
    },
    {
      "path": "SimObjects/Airplanes/C17/sound/xban2shut.wav",
      "size": 233212,
      "date": 132659538063452366
    },
    {
      "path": "SimObjects/Airplanes/C17/sound/xban2strt.wav",
      "size": 62204,
      "date": 132659538063621909
    },
    {
      "path": "SimObjects/Airplanes/C17/sound/xban2t.wav",
      "size": 111424,
      "date": 132659538063801429
    },
    {
      "path": "SimObjects/Airplanes/C17/sound/xbbn1shut.wav",
      "size": 225532,
      "date": 132659538064000896
    },
    {
      "path": "SimObjects/Airplanes/C17/sound/xbbn1strt.wav",
      "size": 471872,
      "date": 132659538064220312
    },
    {
      "path": "SimObjects/Airplanes/C17/sound/xbbn2shut.wav",
      "size": 222972,
      "date": 132659538064409814
    },
    {
      "path": "SimObjects/Airplanes/C17/sound/xbbn2strt.wav",
      "size": 59644,
      "date": 132659538064589328
    },
    {
      "path": "SimObjects/Airplanes/C17/sound/xbbn2t.wav",
      "size": 122176,
      "date": 132659538064778814
    },
    {
      "path": "SimObjects/Airplanes/C17/systems - Copy.cfg",
      "size": 18571,
      "date": 132659538049748298
    },
    {
      "path": "SimObjects/Airplanes/C17/systems.cfg",
      "size": 22454,
      "date": 132669909785475693
    },
    {
      "path": "SimObjects/Airplanes/C17/taxi.FLT",
      "size": 4982,
      "date": 132648951639013751
    },
    {
      "path": "SimObjects/Airplanes/C17/TEXTURE/BAYS_T.PNG.DDS",
      "size": 699192,
      "date": 132669887641571571
    },
    {
      "path": "SimObjects/Airplanes/C17/TEXTURE/BAYS_T.PNG.DDS.json",
      "size": 102,
      "date": 132669887641561597
    },
    {
      "path": "SimObjects/Airplanes/C17/TEXTURE/BUTTONS AND ICONS_PNG.PNG.DDS",
      "size": 11184952,
      "date": 132669905932905325
    },
    {
      "path": "SimObjects/Airplanes/C17/TEXTURE/BUTTONS AND ICONS_PNG.PNG.DDS.json",
      "size": 102,
      "date": 132669905932845485
    },
    {
      "path": "SimObjects/Airplanes/C17/TEXTURE/C17 COCKPIT_PNG-1.PNG.DDS",
      "size": 11168568,
      "date": 132669905919444398
    },
    {
      "path": "SimObjects/Airplanes/C17/TEXTURE/C17 COCKPIT_PNG-1.PNG.DDS.json",
      "size": 102,
      "date": 132669905919385232
    },
    {
      "path": "SimObjects/Airplanes/C17/TEXTURE/C17 COCKPIT_PNG-2.PNG.DDS",
      "size": 11168568,
      "date": 132669906012756185
    },
    {
      "path": "SimObjects/Airplanes/C17/TEXTURE/C17 COCKPIT_PNG-2.PNG.DDS.json",
      "size": 102,
      "date": 132669906012696349
    },
    {
      "path": "SimObjects/Airplanes/C17/TEXTURE/C17 COCKPIT_PNG-3.PNG.DDS",
      "size": 11168568,
      "date": 132669905984531631
    },
    {
      "path": "SimObjects/Airplanes/C17/TEXTURE/C17 COCKPIT_PNG-3.PNG.DDS.json",
      "size": 102,
      "date": 132669905984471788
    },
    {
      "path": "SimObjects/Airplanes/C17/TEXTURE/C17 COCKPIT_PNG.PNG.DDS",
      "size": 11168568,
      "date": 132669905904032716
    },
    {
      "path": "SimObjects/Airplanes/C17/TEXTURE/C17 COCKPIT_PNG.PNG.DDS.json",
      "size": 102,
      "date": 132669905903942954
    },
    {
      "path": "SimObjects/Airplanes/C17/TEXTURE/C17INT_FLOOR_BASECOLOR.PNG.DDS",
      "size": 11184952,
      "date": 132669905964996468
    },
    {
      "path": "SimObjects/Airplanes/C17/TEXTURE/C17INT_FLOOR_BASECOLOR.PNG.DDS.json",
      "size": 102,
      "date": 132669905964936628
    },
    {
      "path": "SimObjects/Airplanes/C17/TEXTURE/C17INT_FLOOR_NORMAL.PNG.DDS",
      "size": 22369776,
      "date": 132669906091074349
    },
    {
      "path": "SimObjects/Airplanes/C17/TEXTURE/C17INT_FLOOR_NORMAL.PNG.DDS.json",
      "size": 160,
      "date": 132669906090964641
    },
    {
      "path": "SimObjects/Airplanes/C17/TEXTURE/C17INT_WALLS_001_BASECOLOR.PNG.DDS",
      "size": 11184952,
      "date": 132669905949236846
    },
    {
      "path": "SimObjects/Airplanes/C17/TEXTURE/C17INT_WALLS_001_BASECOLOR.PNG.DDS.json",
      "size": 102,
      "date": 132669905949177005
    },
    {
      "path": "SimObjects/Airplanes/C17/TEXTURE/C17INT_WALLS_001_NORMAL.PNG.DDS",
      "size": 22369776,
      "date": 132669905997957769
    },
    {
      "path": "SimObjects/Airplanes/C17/TEXTURE/C17INT_WALLS_001_NORMAL.PNG.DDS.json",
      "size": 160,
      "date": 132669905997838087
    },
    {
      "path": "SimObjects/Airplanes/C17/TEXTURE/CHAIR_CHAIR FUR_BASECOLOR.PNG.DDS",
      "size": 699192,
      "date": 132669905905232403
    },
    {
      "path": "SimObjects/Airplanes/C17/TEXTURE/CHAIR_CHAIR FUR_BASECOLOR.PNG.DDS.json",
      "size": 102,
      "date": 132669905905222430
    },
    {
      "path": "SimObjects/Airplanes/C17/TEXTURE/CHAIR_CHAIR FUR_NORMAL.PNG.DDS",
      "size": 1398256,
      "date": 132669905970308625
    },
    {
      "path": "SimObjects/Airplanes/C17/TEXTURE/CHAIR_CHAIR FUR_NORMAL.PNG.DDS.json",
      "size": 160,
      "date": 132669905970298652
    },
    {
      "path": "SimObjects/Airplanes/C17/TEXTURE/CHAIR_CHAIR HARD_BASECOLOR.PNG.DDS",
      "size": 699192,
      "date": 132669905992276867
    },
    {
      "path": "SimObjects/Airplanes/C17/TEXTURE/CHAIR_CHAIR HARD_BASECOLOR.PNG.DDS.json",
      "size": 102,
      "date": 132669905992266892
    },
    {
      "path": "SimObjects/Airplanes/C17/TEXTURE/CHAIR_CHAIR HARD_NORMAL.PNG.DDS",
      "size": 1398256,
      "date": 132669905965515080
    },
    {
      "path": "SimObjects/Airplanes/C17/TEXTURE/CHAIR_CHAIR HARD_NORMAL.PNG.DDS.json",
      "size": 160,
      "date": 132669905965465216
    },
    {
      "path": "SimObjects/Airplanes/C17/TEXTURE/CHAIR_CHAIR PILLAR_BASECOLOR.PNG.DDS",
      "size": 699192,
      "date": 132669905966692182
    },
    {
      "path": "SimObjects/Airplanes/C17/TEXTURE/CHAIR_CHAIR PILLAR_BASECOLOR.PNG.DDS.json",
      "size": 102,
      "date": 132669905966682237
    },
    {
      "path": "SimObjects/Airplanes/C17/TEXTURE/CHAIR_CHAIR PILLAR_NORMAL.PNG.DDS",
      "size": 1398256,
      "date": 132669905985833210
    },
    {
      "path": "SimObjects/Airplanes/C17/TEXTURE/CHAIR_CHAIR PILLAR_NORMAL.PNG.DDS.json",
      "size": 160,
      "date": 132669905985823651
    },
    {
      "path": "SimObjects/Airplanes/C17/TEXTURE/CHAIR_CHAIR SOFT_BASECOLOR.PNG.DDS",
      "size": 699192,
      "date": 132669906013868376
    },
    {
      "path": "SimObjects/Airplanes/C17/TEXTURE/CHAIR_CHAIR SOFT_BASECOLOR.PNG.DDS.json",
      "size": 102,
      "date": 132669906013858389
    },
    {
      "path": "SimObjects/Airplanes/C17/TEXTURE/CHAIR_CHAIR SOFT_NORMAL.PNG.DDS",
      "size": 1398256,
      "date": 132669905933484620
    },
    {
      "path": "SimObjects/Airplanes/C17/TEXTURE/CHAIR_CHAIR SOFT_NORMAL.PNG.DDS.json",
      "size": 160,
      "date": 132669905933474426
    },
    {
      "path": "SimObjects/Airplanes/C17/TEXTURE/CONS_DDS.PNG.DDS",
      "size": 174904,
      "date": 132669905986840986
    },
    {
      "path": "SimObjects/Airplanes/C17/TEXTURE/CONS_DDS.PNG.DDS.json",
      "size": 102,
      "date": 132669905986831017
    },
    {
      "path": "SimObjects/Airplanes/C17/TEXTURE/ECU.PNG.DDS",
      "size": 699192,
      "date": 132669887662415027
    },
    {
      "path": "SimObjects/Airplanes/C17/TEXTURE/ECU.PNG.DDS.json",
      "size": 102,
      "date": 132669887662405054
    },
    {
      "path": "SimObjects/Airplanes/C17/TEXTURE/FUSE1.PNG.DDS",
      "size": 699192,
      "date": 132669887678226599
    },
    {
      "path": "SimObjects/Airplanes/C17/TEXTURE/FUSE1.PNG.DDS.json",
      "size": 102,
      "date": 132669887678216624
    },
    {
      "path": "SimObjects/Airplanes/C17/TEXTURE/FUSE2_T.PNG.DDS",
      "size": 699192,
      "date": 132669887680316213
    },
    {
      "path": "SimObjects/Airplanes/C17/TEXTURE/FUSE2_T.PNG.DDS.json",
      "size": 102,
      "date": 132669887680306241
    },
    {
      "path": "SimObjects/Airplanes/C17/TEXTURE/GAUGES.PNG.DDS",
      "size": 699192,
      "date": 132669905985528964
    },
    {
      "path": "SimObjects/Airplanes/C17/TEXTURE/GAUGES.PNG.DDS.json",
      "size": 102,
      "date": 132669905985518989
    },
    {
      "path": "SimObjects/Airplanes/C17/TEXTURE/GEAR.PNG.DDS",
      "size": 699192,
      "date": 132669887642848280
    },
    {
      "path": "SimObjects/Airplanes/C17/TEXTURE/GEAR.PNG.DDS.json",
      "size": 102,
      "date": 132669887642838307
    },
    {
      "path": "SimObjects/Airplanes/C17/TEXTURE/GEARINT_DDS.PNG.DDS",
      "size": 43832,
      "date": 132669905969909693
    },
    {
      "path": "SimObjects/Airplanes/C17/TEXTURE/GEARINT_DDS.PNG.DDS.json",
      "size": 102,
      "date": 132669905969899718
    },
    {
      "path": "SimObjects/Airplanes/C17/TEXTURE/HUMVEE.JPG.DDS",
      "size": 5592552,
      "date": 132669887672414220
    },
    {
      "path": "SimObjects/Airplanes/C17/TEXTURE/HUMVEE.JPG.DDS.json",
      "size": 102,
      "date": 132669887672324454
    },
    {
      "path": "SimObjects/Airplanes/C17/TEXTURE/INT.PNG.DDS",
      "size": 699192,
      "date": 132669905920503535
    },
    {
      "path": "SimObjects/Airplanes/C17/TEXTURE/INT.PNG.DDS.json",
      "size": 102,
      "date": 132669905920493559
    },
    {
      "path": "SimObjects/Airplanes/C17/TEXTURE/ITERIER.JPG.DDS",
      "size": 11184952,
      "date": 132669887661201806
    },
    {
      "path": "SimObjects/Airplanes/C17/TEXTURE/ITERIER.JPG.DDS.json",
      "size": 102,
      "date": 132669887661122027
    },
    {
      "path": "SimObjects/Airplanes/C17/TEXTURE/MAP 2-MAP 2.PNG.DDS",
      "size": 349680,
      "date": 132669887640220132
    },
    {
      "path": "SimObjects/Airplanes/C17/TEXTURE/MAP 2-MAP 2.PNG.DDS.json",
      "size": 119,
      "date": 132669887640210158
    },
    {
      "path": "SimObjects/Airplanes/C17/TEXTURE/OVERHEAD ONE_PNG.PNG.DDS",
      "size": 131980736,
      "date": 132669906086923967
    },
    {
      "path": "SimObjects/Airplanes/C17/TEXTURE/OVERHEAD ONE_PNG.PNG.DDS.json",
      "size": 119,
      "date": 132669906085845019
    },
    {
      "path": "SimObjects/Airplanes/C17/TEXTURE/OVERHEAD_BTTN USED_BASECOLOR.PNG.DDS",
      "size": 2796344,
      "date": 132669905969790018
    },
    {
      "path": "SimObjects/Airplanes/C17/TEXTURE/OVERHEAD_BTTN USED_BASECOLOR.PNG.DDS.json",
      "size": 102,
      "date": 132669905969770067
    },
    {
      "path": "SimObjects/Airplanes/C17/TEXTURE/OVERHEAD_BTTN USED_NORMAL.PNG.DDS",
      "size": 5592560,
      "date": 132669905993613296
    },
    {
      "path": "SimObjects/Airplanes/C17/TEXTURE/OVERHEAD_BTTN USED_NORMAL.PNG.DDS.json",
      "size": 160,
      "date": 132669905993583373
    },
    {
      "path": "SimObjects/Airplanes/C17/TEXTURE/OVERHEAD_PANEL 1_NORMAL.PNG.DDS",
      "size": 22369776,
      "date": 132669905991309454
    },
    {
      "path": "SimObjects/Airplanes/C17/TEXTURE/OVERHEAD_PANEL 1_NORMAL.PNG.DDS.json",
      "size": 160,
      "date": 132669905991189773
    },
    {
      "path": "SimObjects/Airplanes/C17/TEXTURE/PAL.PNG.DDS",
      "size": 174904,
      "date": 132669905986157387
    },
    {
      "path": "SimObjects/Airplanes/C17/TEXTURE/PAL.PNG.DDS.json",
      "size": 102,
      "date": 132669905986147415
    },
    {
      "path": "SimObjects/Airplanes/C17/TEXTURE/PYLON.PNG.DDS",
      "size": 699192,
      "date": 132669887645172183
    },
    {
      "path": "SimObjects/Airplanes/C17/TEXTURE/PYLON.PNG.DDS.json",
      "size": 102,
      "date": 132669887645172183
    },
    {
      "path": "SimObjects/Airplanes/C17/TEXTURE/RAMP_T.PNG.DDS",
      "size": 699192,
      "date": 132669887663532051
    },
    {
      "path": "SimObjects/Airplanes/C17/TEXTURE/RAMP_T.PNG.DDS.json",
      "size": 102,
      "date": 132669887663522067
    },
    {
      "path": "SimObjects/Airplanes/C17/TEXTURE/SHIES.PNG.DDS",
      "size": 699192,
      "date": 132669887644065148
    },
    {
      "path": "SimObjects/Airplanes/C17/TEXTURE/SHIES.PNG.DDS.json",
      "size": 102,
      "date": 132669887644055173
    },
    {
      "path": "SimObjects/Airplanes/C17/TEXTURE/TAIL_T.PNG.DDS",
      "size": 699192,
      "date": 132669887683783274
    },
    {
      "path": "SimObjects/Airplanes/C17/TEXTURE/TAIL_T.PNG.DDS.json",
      "size": 102,
      "date": 132669887683763325
    },
    {
      "path": "SimObjects/Airplanes/C17/TEXTURE/WHEELS.JPG.DDS",
      "size": 174904,
      "date": 132669887640549254
    },
    {
      "path": "SimObjects/Airplanes/C17/TEXTURE/WHEELS.JPG.DDS.json",
      "size": 102,
      "date": 132669887640539278
    },
    {
      "path": "SimObjects/Airplanes/C17/TEXTURE/WLEFTUP_T.PNG.DDS",
      "size": 699192,
      "date": 132669887682606417
    },
    {
      "path": "SimObjects/Airplanes/C17/TEXTURE/WLEFTUP_T.PNG.DDS.json",
      "size": 102,
      "date": 132669887682596448
    },
    {
      "path": "SimObjects/Airplanes/C17/TEXTURE/WRIGHTDWN_T.PNG.DDS",
      "size": 699192,
      "date": 132669887679293747
    },
    {
      "path": "SimObjects/Airplanes/C17/TEXTURE/WRIGHTDWN_T.PNG.DDS.json",
      "size": 102,
      "date": 132669887679283771
    },
    {
      "path": "SimObjects/Airplanes/C17/TEXTURE/WRIGHTUP_T.PNG.DDS",
      "size": 699192,
      "date": 132669887681443202
    },
    {
      "path": "SimObjects/Airplanes/C17/TEXTURE/WRIGHTUP_T.PNG.DDS.json",
      "size": 102,
      "date": 132669887681423252
    },
    {
      "path": "SimObjects/Airplanes/C17/TEXTURE/WRLFTDWN_T.PNG.DDS",
      "size": 699192,
      "date": 132669887684915465
    },
    {
      "path": "SimObjects/Airplanes/C17/TEXTURE/WRLFTDWN_T.PNG.DDS.json",
      "size": 102,
      "date": 132669887684905493
    },
    {
      "path": "SimObjects/Airplanes/C17/TEXTURE.1/FUSE3_T.PNG.DDS",
      "size": 699192,
      "date": 132669470881997382
    },
    {
      "path": "SimObjects/Airplanes/C17/TEXTURE.1/FUSE3_T.PNG.DDS.json",
      "size": 102,
      "date": 132669470881987401
    },
    {
      "path": "SimObjects/Airplanes/C17/TEXTURE.1/texture.CFG",
      "size": 39,
      "date": 128964601086030000
    },
    {
      "path": "SimObjects/Airplanes/C17/TEXTURE.1/thumbnail.JPG",
      "size": 5705586,
      "date": 132564482410693594
    },
    {
      "path": "SimObjects/Airplanes/C17/TEXTURE.10/FUSE1.PNG.DDS",
      "size": 699192,
      "date": 132669470937427529
    },
    {
      "path": "SimObjects/Airplanes/C17/TEXTURE.10/FUSE1.PNG.DDS.json",
      "size": 102,
      "date": 132669470937417559
    },
    {
      "path": "SimObjects/Airplanes/C17/TEXTURE.10/FUSE3_T.PNG.DDS",
      "size": 699192,
      "date": 132669470938534567
    },
    {
      "path": "SimObjects/Airplanes/C17/TEXTURE.10/FUSE3_T.PNG.DDS.json",
      "size": 102,
      "date": 132669470938524591
    },
    {
      "path": "SimObjects/Airplanes/C17/TEXTURE.10/texture.CFG",
      "size": 39,
      "date": 128964601086030000
    },
    {
      "path": "SimObjects/Airplanes/C17/TEXTURE.10/thumbnail.JPG",
      "size": 5980539,
      "date": 132626384175070903
    },
    {
      "path": "SimObjects/Airplanes/C17/TEXTURE.11/FUSE1.PNG.DDS",
      "size": 699192,
      "date": 132669470939626701
    },
    {
      "path": "SimObjects/Airplanes/C17/TEXTURE.11/FUSE1.PNG.DDS.json",
      "size": 102,
      "date": 132669470939616717
    },
    {
      "path": "SimObjects/Airplanes/C17/TEXTURE.11/FUSE3_T.PNG.DDS",
      "size": 699192,
      "date": 132669470940722899
    },
    {
      "path": "SimObjects/Airplanes/C17/TEXTURE.11/FUSE3_T.PNG.DDS.json",
      "size": 102,
      "date": 132669470940722899
    },
    {
      "path": "SimObjects/Airplanes/C17/TEXTURE.11/texture.CFG",
      "size": 39,
      "date": 128964601086030000
    },
    {
      "path": "SimObjects/Airplanes/C17/TEXTURE.11/thumbnail.JPG",
      "size": 5963770,
      "date": 132626384456057065
    },
    {
      "path": "SimObjects/Airplanes/C17/TEXTURE.12/FUSE1.PNG.DDS",
      "size": 699192,
      "date": 132669470941964766
    },
    {
      "path": "SimObjects/Airplanes/C17/TEXTURE.12/FUSE1.PNG.DDS.json",
      "size": 102,
      "date": 132669470941954786
    },
    {
      "path": "SimObjects/Airplanes/C17/TEXTURE.12/FUSE2_T.PNG.DDS",
      "size": 699192,
      "date": 132669470944160605
    },
    {
      "path": "SimObjects/Airplanes/C17/TEXTURE.12/FUSE2_T.PNG.DDS.json",
      "size": 102,
      "date": 132669470944160605
    },
    {
      "path": "SimObjects/Airplanes/C17/TEXTURE.12/FUSE3_T.PNG.DDS",
      "size": 699192,
      "date": 132669470945408388
    },
    {
      "path": "SimObjects/Airplanes/C17/TEXTURE.12/FUSE3_T.PNG.DDS.json",
      "size": 102,
      "date": 132669470945398406
    },
    {
      "path": "SimObjects/Airplanes/C17/TEXTURE.12/TAIL_T.PNG.DDS",
      "size": 699192,
      "date": 132669470948691738
    },
    {
      "path": "SimObjects/Airplanes/C17/TEXTURE.12/TAIL_T.PNG.DDS.json",
      "size": 102,
      "date": 132669470948681762
    },
    {
      "path": "SimObjects/Airplanes/C17/TEXTURE.12/texture.CFG",
      "size": 39,
      "date": 128964601086030000
    },
    {
      "path": "SimObjects/Airplanes/C17/TEXTURE.12/thumbnail.JPG",
      "size": 5978399,
      "date": 132626384749020337
    },
    {
      "path": "SimObjects/Airplanes/C17/TEXTURE.12/WLEFTUP_T.PNG.DDS",
      "size": 699192,
      "date": 132669470947593321
    },
    {
      "path": "SimObjects/Airplanes/C17/TEXTURE.12/WLEFTUP_T.PNG.DDS.json",
      "size": 102,
      "date": 132669470947583341
    },
    {
      "path": "SimObjects/Airplanes/C17/TEXTURE.12/WRIGHTDWN_T.PNG.DDS",
      "size": 699192,
      "date": 132669470943062320
    },
    {
      "path": "SimObjects/Airplanes/C17/TEXTURE.12/WRIGHTDWN_T.PNG.DDS.json",
      "size": 102,
      "date": 132669470943057231
    },
    {
      "path": "SimObjects/Airplanes/C17/TEXTURE.12/WRIGHTUP_T.PNG.DDS",
      "size": 699192,
      "date": 132669470946495496
    },
    {
      "path": "SimObjects/Airplanes/C17/TEXTURE.12/WRIGHTUP_T.PNG.DDS.json",
      "size": 102,
      "date": 132669470946495496
    },
    {
      "path": "SimObjects/Airplanes/C17/TEXTURE.12/WRLFTDWN_T.PNG.DDS",
      "size": 699192,
      "date": 132669470949914965
    },
    {
      "path": "SimObjects/Airplanes/C17/TEXTURE.12/WRLFTDWN_T.PNG.DDS.json",
      "size": 102,
      "date": 132669470949914965
    },
    {
      "path": "SimObjects/Airplanes/C17/TEXTURE.2/FUSE1.PNG.DDS",
      "size": 699192,
      "date": 132669470888215904
    },
    {
      "path": "SimObjects/Airplanes/C17/TEXTURE.2/FUSE1.PNG.DDS.json",
      "size": 102,
      "date": 132669470888215904
    },
    {
      "path": "SimObjects/Airplanes/C17/TEXTURE.2/FUSE2_T.PNG.DDS",
      "size": 699192,
      "date": 132669470890569707
    },
    {
      "path": "SimObjects/Airplanes/C17/TEXTURE.2/FUSE2_T.PNG.DDS.json",
      "size": 102,
      "date": 132669470890559735
    },
    {
      "path": "SimObjects/Airplanes/C17/TEXTURE.2/FUSE3_T.PNG.DDS",
      "size": 699192,
      "date": 132669470891846366
    },
    {
      "path": "SimObjects/Airplanes/C17/TEXTURE.2/FUSE3_T.PNG.DDS.json",
      "size": 102,
      "date": 132669470891836387
    },
    {
      "path": "SimObjects/Airplanes/C17/TEXTURE.2/TAIL_T.PNG.DDS",
      "size": 699192,
      "date": 132669470895257340
    },
    {
      "path": "SimObjects/Airplanes/C17/TEXTURE.2/TAIL_T.PNG.DDS.json",
      "size": 102,
      "date": 132669470895247361
    },
    {
      "path": "SimObjects/Airplanes/C17/TEXTURE.2/texture.CFG",
      "size": 39,
      "date": 128964601086030000
    },
    {
      "path": "SimObjects/Airplanes/C17/TEXTURE.2/thumbnail.JPG",
      "size": 5998981,
      "date": 132626369302719238
    },
    {
      "path": "SimObjects/Airplanes/C17/TEXTURE.2/WLEFTUP_T.PNG.DDS",
      "size": 699192,
      "date": 132669470894150302
    },
    {
      "path": "SimObjects/Airplanes/C17/TEXTURE.2/WLEFTUP_T.PNG.DDS.json",
      "size": 102,
      "date": 132669470894140323
    },
    {
      "path": "SimObjects/Airplanes/C17/TEXTURE.2/WRIGHTDWN_T.PNG.DDS",
      "size": 699192,
      "date": 132669470889327980
    },
    {
      "path": "SimObjects/Airplanes/C17/TEXTURE.2/WRIGHTDWN_T.PNG.DDS.json",
      "size": 102,
      "date": 132669470889327980
    },
    {
      "path": "SimObjects/Airplanes/C17/TEXTURE.2/WRIGHTUP_T.PNG.DDS",
      "size": 699192,
      "date": 132669470893058177
    },
    {
      "path": "SimObjects/Airplanes/C17/TEXTURE.2/WRIGHTUP_T.PNG.DDS.json",
      "size": 102,
      "date": 132669470893048198
    },
    {
      "path": "SimObjects/Airplanes/C17/TEXTURE.2/WRLFTDWN_T.PNG.DDS",
      "size": 699192,
      "date": 132669470896349478
    },
    {
      "path": "SimObjects/Airplanes/C17/TEXTURE.2/WRLFTDWN_T.PNG.DDS.json",
      "size": 102,
      "date": 132669470896339501
    },
    {
      "path": "SimObjects/Airplanes/C17/TEXTURE.3/FUSE1.PNG.DDS",
      "size": 699192,
      "date": 132669470897446563
    },
    {
      "path": "SimObjects/Airplanes/C17/TEXTURE.3/FUSE1.PNG.DDS.json",
      "size": 102,
      "date": 132669470897436583
    },
    {
      "path": "SimObjects/Airplanes/C17/TEXTURE.3/FUSE2_T.PNG.DDS",
      "size": 699192,
      "date": 132669470899629702
    },
    {
      "path": "SimObjects/Airplanes/C17/TEXTURE.3/FUSE2_T.PNG.DDS.json",
      "size": 102,
      "date": 132669470899619723
    },
    {
      "path": "SimObjects/Airplanes/C17/TEXTURE.3/FUSE3_T.PNG.DDS",
      "size": 699192,
      "date": 132669470900726768
    },
    {
      "path": "SimObjects/Airplanes/C17/TEXTURE.3/FUSE3_T.PNG.DDS.json",
      "size": 102,
      "date": 132669470900716789
    },
    {
      "path": "SimObjects/Airplanes/C17/TEXTURE.3/TAIL_T.PNG.DDS",
      "size": 699192,
      "date": 132669470904427648
    },
    {
      "path": "SimObjects/Airplanes/C17/TEXTURE.3/TAIL_T.PNG.DDS.json",
      "size": 102,
      "date": 132669470904417671
    },
    {
      "path": "SimObjects/Airplanes/C17/TEXTURE.3/texture.CFG",
      "size": 39,
      "date": 128964601086030000
    },
    {
      "path": "SimObjects/Airplanes/C17/TEXTURE.3/thumbnail.JPG",
      "size": 5923999,
      "date": 132626369793113691
    },
    {
      "path": "SimObjects/Airplanes/C17/TEXTURE.3/WLEFTUP_T.PNG.DDS",
      "size": 699192,
      "date": 132669470903126064
    },
    {
      "path": "SimObjects/Airplanes/C17/TEXTURE.3/WLEFTUP_T.PNG.DDS.json",
      "size": 102,
      "date": 132669470903116085
    },
    {
      "path": "SimObjects/Airplanes/C17/TEXTURE.3/WRIGHTDWN_T.PNG.DDS",
      "size": 699192,
      "date": 132669470898517622
    },
    {
      "path": "SimObjects/Airplanes/C17/TEXTURE.3/WRIGHTDWN_T.PNG.DDS.json",
      "size": 102,
      "date": 132669470898517622
    },
    {
      "path": "SimObjects/Airplanes/C17/TEXTURE.3/WRIGHTUP_T.PNG.DDS",
      "size": 699192,
      "date": 132669470901828873
    },
    {
      "path": "SimObjects/Airplanes/C17/TEXTURE.3/WRIGHTUP_T.PNG.DDS.json",
      "size": 102,
      "date": 132669470901818893
    },
    {
      "path": "SimObjects/Airplanes/C17/TEXTURE.3/WRLFTDWN_T.PNG.DDS",
      "size": 699192,
      "date": 132669470905579623
    },
    {
      "path": "SimObjects/Airplanes/C17/TEXTURE.3/WRLFTDWN_T.PNG.DDS.json",
      "size": 102,
      "date": 132669470905569643
    },
    {
      "path": "SimObjects/Airplanes/C17/TEXTURE.4/FUSE1.PNG.DDS",
      "size": 699192,
      "date": 132669470621075360
    },
    {
      "path": "SimObjects/Airplanes/C17/TEXTURE.4/FUSE1.PNG.DDS.json",
      "size": 102,
      "date": 132669470621075360
    },
    {
      "path": "SimObjects/Airplanes/C17/TEXTURE.4/FUSE2_T.PNG.DDS",
      "size": 699192,
      "date": 132669470624355921
    },
    {
      "path": "SimObjects/Airplanes/C17/TEXTURE.4/FUSE2_T.PNG.DDS.json",
      "size": 102,
      "date": 132669470624355921
    },
    {
      "path": "SimObjects/Airplanes/C17/TEXTURE.4/FUSE3_T.PNG.DDS",
      "size": 699192,
      "date": 132669470625647920
    },
    {
      "path": "SimObjects/Airplanes/C17/TEXTURE.4/FUSE3_T.PNG.DDS.json",
      "size": 102,
      "date": 132669470625637939
    },
    {
      "path": "SimObjects/Airplanes/C17/TEXTURE.4/TAIL_T.PNG.DDS",
      "size": 699192,
      "date": 132669470632465756
    },
    {
      "path": "SimObjects/Airplanes/C17/TEXTURE.4/TAIL_T.PNG.DDS.json",
      "size": 102,
      "date": 132669470632455771
    },
    {
      "path": "SimObjects/Airplanes/C17/TEXTURE.4/texture.CFG",
      "size": 39,
      "date": 128964601086030000
    },
    {
      "path": "SimObjects/Airplanes/C17/TEXTURE.4/thumbnail.JPG",
      "size": 5884581,
      "date": 132507435971444247
    },
    {
      "path": "SimObjects/Airplanes/C17/TEXTURE.4/WLEFTUP_T.PNG.DDS",
      "size": 699192,
      "date": 132669470629853356
    },
    {
      "path": "SimObjects/Airplanes/C17/TEXTURE.4/WLEFTUP_T.PNG.DDS.json",
      "size": 102,
      "date": 132669470629843384
    },
    {
      "path": "SimObjects/Airplanes/C17/TEXTURE.4/WRIGHTDWN_T.PNG.DDS",
      "size": 699192,
      "date": 132669470623139177
    },
    {
      "path": "SimObjects/Airplanes/C17/TEXTURE.4/WRIGHTDWN_T.PNG.DDS.json",
      "size": 102,
      "date": 132669470623129206
    },
    {
      "path": "SimObjects/Airplanes/C17/TEXTURE.4/WRIGHTUP_T.PNG.DDS",
      "size": 699192,
      "date": 132669470626845717
    },
    {
      "path": "SimObjects/Airplanes/C17/TEXTURE.4/WRIGHTUP_T.PNG.DDS.json",
      "size": 102,
      "date": 132669470626835739
    },
    {
      "path": "SimObjects/Airplanes/C17/TEXTURE.4/WRLFTDWN_T.PNG.DDS",
      "size": 699192,
      "date": 132669470650289107
    },
    {
      "path": "SimObjects/Airplanes/C17/TEXTURE.4/WRLFTDWN_T.PNG.DDS.json",
      "size": 102,
      "date": 132669470650279160
    },
    {
      "path": "SimObjects/Airplanes/C17/TEXTURE.5/FUSE1.PNG.DDS",
      "size": 699192,
      "date": 132669470906816312
    },
    {
      "path": "SimObjects/Airplanes/C17/TEXTURE.5/FUSE1.PNG.DDS.json",
      "size": 102,
      "date": 132669470906806334
    },
    {
      "path": "SimObjects/Airplanes/C17/TEXTURE.5/FUSE2_T.PNG.DDS",
      "size": 699192,
      "date": 132669470909020524
    },
    {
      "path": "SimObjects/Airplanes/C17/TEXTURE.5/FUSE2_T.PNG.DDS.json",
      "size": 102,
      "date": 132669470909020524
    },
    {
      "path": "SimObjects/Airplanes/C17/TEXTURE.5/FUSE3_T.PNG.DDS",
      "size": 699192,
      "date": 132669470910247251
    },
    {
      "path": "SimObjects/Airplanes/C17/TEXTURE.5/FUSE3_T.PNG.DDS.json",
      "size": 102,
      "date": 132669470910237273
    },
    {
      "path": "SimObjects/Airplanes/C17/TEXTURE.5/TAIL_T.PNG.DDS",
      "size": 699192,
      "date": 132669470913678173
    },
    {
      "path": "SimObjects/Airplanes/C17/TEXTURE.5/TAIL_T.PNG.DDS.json",
      "size": 102,
      "date": 132669470913678173
    },
    {
      "path": "SimObjects/Airplanes/C17/TEXTURE.5/texture.CFG",
      "size": 39,
      "date": 128964601086030000
    },
    {
      "path": "SimObjects/Airplanes/C17/TEXTURE.5/thumbnail.JPG",
      "size": 5965086,
      "date": 132626370491332601
    },
    {
      "path": "SimObjects/Airplanes/C17/TEXTURE.5/WLEFTUP_T.PNG.DDS",
      "size": 699192,
      "date": 132669470912486321
    },
    {
      "path": "SimObjects/Airplanes/C17/TEXTURE.5/WLEFTUP_T.PNG.DDS.json",
      "size": 102,
      "date": 132669470912476340
    },
    {
      "path": "SimObjects/Airplanes/C17/TEXTURE.5/WRIGHTDWN_T.PNG.DDS",
      "size": 699192,
      "date": 132669470907918424
    },
    {
      "path": "SimObjects/Airplanes/C17/TEXTURE.5/WRIGHTDWN_T.PNG.DDS.json",
      "size": 102,
      "date": 132669470907918424
    },
    {
      "path": "SimObjects/Airplanes/C17/TEXTURE.5/WRIGHTUP_T.PNG.DDS",
      "size": 699192,
      "date": 132669470911339385
    },
    {
      "path": "SimObjects/Airplanes/C17/TEXTURE.5/WRIGHTUP_T.PNG.DDS.json",
      "size": 102,
      "date": 132669470911329407
    },
    {
      "path": "SimObjects/Airplanes/C17/TEXTURE.5/WRLFTDWN_T.PNG.DDS",
      "size": 699192,
      "date": 132669470914780281
    },
    {
      "path": "SimObjects/Airplanes/C17/TEXTURE.5/WRLFTDWN_T.PNG.DDS.json",
      "size": 102,
      "date": 132669470914770303
    },
    {
      "path": "SimObjects/Airplanes/C17/TEXTURE.6/BAYS_T.PNG.DDS",
      "size": 699192,
      "date": 132669470922260493
    },
    {
      "path": "SimObjects/Airplanes/C17/TEXTURE.6/BAYS_T.PNG.DDS.json",
      "size": 102,
      "date": 132669470922250514
    },
    {
      "path": "SimObjects/Airplanes/C17/TEXTURE.6/FUSE1.PNG.DDS",
      "size": 699192,
      "date": 132669470916106736
    },
    {
      "path": "SimObjects/Airplanes/C17/TEXTURE.6/FUSE1.PNG.DDS.json",
      "size": 102,
      "date": 132669470916096755
    },
    {
      "path": "SimObjects/Airplanes/C17/TEXTURE.6/FUSE2_T.PNG.DDS",
      "size": 699192,
      "date": 132669470918590183
    },
    {
      "path": "SimObjects/Airplanes/C17/TEXTURE.6/FUSE2_T.PNG.DDS.json",
      "size": 102,
      "date": 132669470918580204
    },
    {
      "path": "SimObjects/Airplanes/C17/TEXTURE.6/FUSE3_T.PNG.DDS",
      "size": 699192,
      "date": 132669470919826874
    },
    {
      "path": "SimObjects/Airplanes/C17/TEXTURE.6/FUSE3_T.PNG.DDS.json",
      "size": 102,
      "date": 132669470919816895
    },
    {
      "path": "SimObjects/Airplanes/C17/TEXTURE.6/PYLON.PNG.DDS",
      "size": 699192,
      "date": 132669470926461047
    },
    {
      "path": "SimObjects/Airplanes/C17/TEXTURE.6/PYLON.PNG.DDS.json",
      "size": 102,
      "date": 132669470926445934
    },
    {
      "path": "SimObjects/Airplanes/C17/TEXTURE.6/RAMP_T.PNG.DDS",
      "size": 699192,
      "date": 132669470928917749
    },
    {
      "path": "SimObjects/Airplanes/C17/TEXTURE.6/RAMP_T.PNG.DDS.json",
      "size": 102,
      "date": 132669470928917749
    },
    {
      "path": "SimObjects/Airplanes/C17/TEXTURE.6/TAIL_T.PNG.DDS",
      "size": 699192,
      "date": 132669470924979581
    },
    {
      "path": "SimObjects/Airplanes/C17/TEXTURE.6/TAIL_T.PNG.DDS.json",
      "size": 102,
      "date": 132669470924969605
    },
    {
      "path": "SimObjects/Airplanes/C17/TEXTURE.6/texture.CFG",
      "size": 39,
      "date": 128964601086030000
    },
    {
      "path": "SimObjects/Airplanes/C17/TEXTURE.6/thumbnail.JPG",
      "size": 5886941,
      "date": 132626381999698788
    },
    {
      "path": "SimObjects/Airplanes/C17/TEXTURE.6/WLEFTUP_T.PNG.DDS",
      "size": 699192,
      "date": 132669470923666729
    },
    {
      "path": "SimObjects/Airplanes/C17/TEXTURE.6/WLEFTUP_T.PNG.DDS.json",
      "size": 102,
      "date": 132669470923656751
    },
    {
      "path": "SimObjects/Airplanes/C17/TEXTURE.6/WRIGHTDWN_T.PNG.DDS",
      "size": 699192,
      "date": 132669470917308569
    },
    {
      "path": "SimObjects/Airplanes/C17/TEXTURE.6/WRIGHTDWN_T.PNG.DDS.json",
      "size": 102,
      "date": 132669470917298587
    },
    {
      "path": "SimObjects/Airplanes/C17/TEXTURE.6/WRIGHTUP_T.PNG.DDS",
      "size": 699192,
      "date": 132669470921038686
    },
    {
      "path": "SimObjects/Airplanes/C17/TEXTURE.6/WRIGHTUP_T.PNG.DDS.json",
      "size": 102,
      "date": 132669470921028705
    },
    {
      "path": "SimObjects/Airplanes/C17/TEXTURE.6/WRLFTDWN_T.PNG.DDS",
      "size": 699192,
      "date": 132669470927618996
    },
    {
      "path": "SimObjects/Airplanes/C17/TEXTURE.6/WRLFTDWN_T.PNG.DDS.json",
      "size": 102,
      "date": 132669470927618996
    },
    {
      "path": "SimObjects/Airplanes/C17/TEXTURE.7/FUSE1.PNG.DDS",
      "size": 699192,
      "date": 132669470930084962
    },
    {
      "path": "SimObjects/Airplanes/C17/TEXTURE.7/FUSE1.PNG.DDS.json",
      "size": 102,
      "date": 132669470930084962
    },
    {
      "path": "SimObjects/Airplanes/C17/TEXTURE.7/FUSE3_T.PNG.DDS",
      "size": 699192,
      "date": 132669470931193892
    },
    {
      "path": "SimObjects/Airplanes/C17/TEXTURE.7/FUSE3_T.PNG.DDS.json",
      "size": 102,
      "date": 132669470931183916
    },
    {
      "path": "SimObjects/Airplanes/C17/TEXTURE.7/texture.CFG",
      "size": 39,
      "date": 128964601086030000
    },
    {
      "path": "SimObjects/Airplanes/C17/TEXTURE.7/thumbnail.JPG",
      "size": 5983998,
      "date": 132626382964149789
    },
    {
      "path": "SimObjects/Airplanes/C17/TEXTURE.8/FUSE1.PNG.DDS",
      "size": 699192,
      "date": 132669470932295424
    },
    {
      "path": "SimObjects/Airplanes/C17/TEXTURE.8/FUSE1.PNG.DDS.json",
      "size": 102,
      "date": 132669470932285444
    },
    {
      "path": "SimObjects/Airplanes/C17/TEXTURE.8/FUSE3_T.PNG.DDS",
      "size": 699192,
      "date": 132669470933544653
    },
    {
      "path": "SimObjects/Airplanes/C17/TEXTURE.8/FUSE3_T.PNG.DDS.json",
      "size": 102,
      "date": 132669470933534703
    },
    {
      "path": "SimObjects/Airplanes/C17/TEXTURE.8/texture.CFG",
      "size": 39,
      "date": 128964601086030000
    },
    {
      "path": "SimObjects/Airplanes/C17/TEXTURE.8/thumbnail.JPG",
      "size": 5941303,
      "date": 132626383360115654
    },
    {
      "path": "SimObjects/Airplanes/C17/TEXTURE.9/FUSE1.PNG.DDS",
      "size": 699192,
      "date": 132669470934814292
    },
    {
      "path": "SimObjects/Airplanes/C17/TEXTURE.9/FUSE1.PNG.DDS.json",
      "size": 102,
      "date": 132669470934814292
    },
    {
      "path": "SimObjects/Airplanes/C17/TEXTURE.9/FUSE3_T.PNG.DDS",
      "size": 699192,
      "date": 132669470936076099
    },
    {
      "path": "SimObjects/Airplanes/C17/TEXTURE.9/FUSE3_T.PNG.DDS.json",
      "size": 102,
      "date": 132669470936066125
    },
    {
      "path": "SimObjects/Airplanes/C17/TEXTURE.9/texture.CFG",
      "size": 39,
      "date": 128964601086030000
    },
    {
      "path": "SimObjects/Airplanes/C17/TEXTURE.9/thumbnail.JPG",
      "size": 5945501,
      "date": 132626383787169482
    },
    {
      "path": "zh-CN.locPak",
      "size": 1989,
      "date": 132669470959775677
    }
  ]
}