<Gauge Name="CAUTIONALRt" Version="1.0">
  <Comment>
  *************************************************
  FOR DELTA SIMULATIONS C-17 (delta.simulations0@gmail.com)
  *************************************************
  </Comment>
  
  <Element>
  <Select>
  <Value>
  (L:C17_BatteryPowerInit,bool) 0 ==
  (A:CIRCUIT ON:65,bool) 1 == and
  if{
  }
  </Value>
  </Select>
  </Element>
  
  <Element>
  <Select>
  <Value>
    (L:C17_BatteryPowerInit,bool) 0 ==
    (A:CIRCUIT ON:65,bool) 1 == and
  if{
  1 (>L:C17_BatteryPowerInit,bool)
  }
  </Value>
  </Select>
  </Element>
   

  </Gauge>