<PlaneHTMLConfig>
  
  <Instrument>
    <Name>B747_8_PFD</Name>
    <Electric>
		<Simvar name="CIRCUIT ON:21" unit="Boolean"/>
    </Electric>
  </Instrument>

  <Instrument>
    <Name>B747_8_MFD</Name>
    <Electric>
		<Simvar name="CIRCUIT ON:23" unit="Boolean"/>
    </Electric>
  </Instrument>
  
  <Instrument>
    <Name>B747_8_EICAS_1</Name>
    <Electric>
		<Simvar name="CIRCUIT ON:25" unit="Boolean"/>
    </Electric>
  </Instrument>
  
  <Instrument>
    <Name>B747_8_EICAS_2</Name>
    <Electric>
		<Simvar name="CIRCUIT ON:26" unit="Boolean"/>
    </Electric>
  </Instrument>
  
  <Instrument>
    <Name>B747_8_FMC</Name>
    <Electric>
		<Simvar name="CIRCUIT ON:27" unit="Boolean"/>
    </Electric>
	<AlwaysUpdate>True</AlwaysUpdate>
  </Instrument>

  <Instrument>
    <Name>B747_8_Com_1</Name>
    <Electric>
      <Simvar name="CIRCUIT ON:16" unit="Boolean"/>
    </Electric>
  </Instrument>

  <Instrument>
    <Name>B747_8_Com_2</Name>
    <Electric>
      <Simvar name="CIRCUIT ON:18" unit="Boolean"/>
    </Electric>
  </Instrument>

  <Instrument>
    <Name>B747_8_Com_3</Name>
    <Electric>
      <Simvar name="CIRCUIT ON:20" unit="Boolean"/>
    </Electric>
  </Instrument>
  
  <Instrument>
    <Name>B747_8_IAS</Name>
    <Electric>
		<Simvar name="CIRCUIT ON:21" unit="Boolean"/>
    </Electric>
	<AlwaysUpdate>True</AlwaysUpdate>
  </Instrument>
  
  <Instrument>
    <Name>B747_8_HDG</Name>
    <Electric>
		<Simvar name="CIRCUIT ON:21" unit="Boolean"/>
    </Electric>
  </Instrument>
  
  <Instrument>
    <Name>B747_8_VSpeed</Name>
    <Electric>
		<Simvar name="CIRCUIT ON:21" unit="Boolean"/>
    </Electric>
  </Instrument>
  
  <Instrument>
    <Name>B747_8_ALT</Name>
    <Electric>
		<Simvar name="CIRCUIT ON:21" unit="Boolean"/>
    </Electric>
  </Instrument>

  <Instrument>
    <Name>B747_8_SAI</Name>
    <Electric>
      <Simvar name="CIRCUIT ON:21" unit="Boolean"/>
    </Electric>
  </Instrument>

  <Instrument>
    <Name>B747_8_ATC</Name>
    <Electric>
      <Simvar name="CIRCUIT ON:7" unit="Boolean"/>
    </Electric>
  </Instrument>
  
  <Instrument>
    <Name>B747_8_RUDDER</Name>
    <Electric>
      <Simvar name="CIRCUIT ON:21" unit="Boolean"/>
    </Electric>
  </Instrument>

	<!-- Annunciations -->

	<Annunciations>
		<Annunciation>
			<Type>Warning</Type>
			<Text>AUTOPILOT DISC</Text>
			<Condition>
				<StateMachine>
					<State id="Off" value="0">
						<Transition to="On">
							<Equal>
								<Simvar name="AUTOPILOT MASTER" unit="Boolean"/>
								<Constant>1</Constant>
							</Equal>
						</Transition>
					</State>
					<State id="On" value="0">
						<Transition to="Alerting">
							<Equal>
								<Simvar name="AUTOPILOT MASTER" unit="Boolean"/>
								<Constant>0</Constant>
							</Equal>
						</Transition>
					</State>
					<State id="Alerting" value="1">
						<Transition to="On">
							<Equal>
								<Simvar name="AUTOPILOT MASTER" unit="Boolean"/>
								<Constant>1</Constant>
							</Equal>
						</Transition>
					</State>
				</StateMachine>
			</Condition>
		</Annunciation>
		
		<Annunciation>
			<Type>Caution</Type>
			<Text>AUTOTHROT DISC</Text>
			<Condition>
				<StateMachine>
					<State id="Off" value="0">
						<Transition to="On">
							<Equal>
								<Simvar name="AUTOPILOT THROTTLE ARM" unit="Boolean"/>
								<Constant>1</Constant>
							</Equal>
						</Transition>
					</State>
					<State id="On" value="0">
						<Transition to="Alerting">
							<Equal>
								<Simvar name="AUTOPILOT THROTTLE ARM" unit="Boolean"/>
								<Constant>0</Constant>
							</Equal>
						</Transition>
					</State>
					<State id="Alerting" value="1">
						<Transition to="On">
							<Equal>
								<Simvar name="AUTOPILOT THROTTLE ARM" unit="Boolean"/>
								<Constant>1</Constant>
							</Equal>
						</Transition>
					</State>
				</StateMachine>
			</Condition>
		</Annunciation>
		
		<Annunciation>
			<Type>Caution</Type>
			<Text></Text>
			<Condition>
				<Simvar name="STALL WARNING" unit="Boolean"/>
			</Condition>
		</Annunciation>
		
		<Annunciation>
		  <Type>Warning</Type>
		  <Text>FUEL OFF</Text>
		  <Condition>
			<Equal>
			  <Simvar name="FUEL TANK SELECTOR:1" unit="number"/>
			  <Constant>0</Constant>
			</Equal>
		  </Condition>
		</Annunciation>

		<Annunciation>
		  <Type>Warning</Type>
		  <Text>DOOR</Text>
		  <Condition>
			<Greater>
			  <Simvar name="EXIT OPEN:0" unit="percent"/>
			  <Constant>0</Constant>
			</Greater>
		  </Condition>
		</Annunciation>

		<Annunciation>
		  <Type>Warning</Type>
		  <Text>PARK BRAKE</Text>
		  <Condition>
			<Simvar name="BRAKE PARKING INDICATOR" unit="Bool"/>
		  </Condition>
		</Annunciation>

		<Annunciation>
		  <Type>Warning</Type>
		  <Text>FIRE</Text>
		  <Condition>
			<Simvar name="ENG ON FIRE:1" unit="Bool"/>
		  </Condition>
		</Annunciation>

		<Annunciation>
		  <Type>Caution</Type>
		  <Text>FUEL LOW </Text>
		  <Condition Suffix="L-R">
			<And>
			  <Lower>
				<Simvar name="FUEL TANK LEFT MAIN QUANTITY" unit="gallon"/>
				<Constant>9</Constant>
			  </Lower>
			  <Lower>
				<Simvar name="FUEL TANK RIGHT MAIN QUANTITY" unit="gallon"/>
				<Constant>9</Constant>
			  </Lower>
			</And>
		  </Condition>
		  <Condition Suffix="L">
			<Lower>
			  <Simvar name="FUEL TANK LEFT MAIN QUANTITY" unit="gallon"/>
			  <Constant>9</Constant>
			</Lower>
		  </Condition>
		  <Condition Suffix="R">
			<Lower>
			  <Simvar name="FUEL TANK RIGHT MAIN QUANTITY" unit="gallon"/>
			  <Constant>9</Constant>
			</Lower>
		  </Condition>
		</Annunciation>

		<Annunciation>
		  <Type>Caution</Type>
		  <Text>FUEL IMBALANCE</Text>
		  <Condition>
			<Inequal tolerance="700">
				<Simvar name="FUEL TANK LEFT MAIN QUANTITY" unit="gallon"/>
				<Simvar name="FUEL TANK RIGHT MAIN QUANTITY" unit="gallon"/>
			</Inequal>
		  </Condition>
		</Annunciation>
	</Annunciations>
  
	<!-- Voices Alerts -->
  
	<VoicesAlerts>
		<Alert>
		  <Type>Warning</Type>
		  <SoundEvent>aural_landing_gear</SoundEvent>
		  <ShortText>L/G GEAR NOT DOWN</ShortText>
		  <LongText>L/G GEAR NOT DOWN</LongText>
		  <Condition>
			<StateMachine>
				<State id="Under" value="0">
					<Transition to="Over">
						<GreaterEqual>
							<Simvar name="PLANE ALT ABOVE GROUND" unit="feet"/>
							<Constant>1500</Constant>
						</GreaterEqual>
					</Transition>
				</State>
				<State id="Over" value="0">
					<Transition to="Alerting">
						<And>
							<Lower>
								<Simvar name="PLANE ALT ABOVE GROUND" unit="feet"/>
								<Constant>750</Constant>
							</Lower>
							<Or>
								<Lower>
									<Simvar name="GEAR RIGHT POSITION" unit="Percent"/>
									<Constant>100</Constant>
								</Lower>
								<Lower>
									<Simvar name="GEAR CENTER POSITION" unit="Percent"/>
									<Constant>100</Constant>
								</Lower>
								<Lower>
									<Simvar name="GEAR LEFT POSITION" unit="Percent"/>
									<Constant>100</Constant>
								</Lower>
							</Or>
							<Or>
								<GreaterEqual>
									<Simvar name="FLAPS HANDLE INDEX" unit="number"/>
									<Constant>3</Constant>
								</GreaterEqual>
								<LowerEqual>
									<Simvar name="GENERAL ENG THROTTLE LEVER POSITION:1" unit="Percent"/>
									<Constant>0</Constant>
								</LowerEqual>
							</Or>
						</And>
					</Transition>
				</State>
				<State id="Alerting" value="1">
					<Transition to="Over">
						<Or>
							<GreaterEqual>
								<Simvar name="PLANE ALT ABOVE GROUND" unit="feet"/>
								<Constant>750</Constant>
							</GreaterEqual>
							<And>
								<Equal>
									<Simvar name="GEAR RIGHT POSITION" unit="Percent"/>
									<Constant>100</Constant>
								</Equal>
								<Equal>
									<Simvar name="GEAR CENTER POSITION" unit="Percent"/>
									<Constant>100</Constant>
								</Equal>
								<Equal>
									<Simvar name="GEAR LEFT POSITION" unit="Percent"/>
									<Constant>100</Constant>
								</Equal>
							</And>
						</Or>
					</Transition>
				</State>
			</StateMachine>
		  </Condition>
		</Alert>
		
		<Alert>
			<Type>SoundOnly</Type>
			<SoundEvent>aural_5ft</SoundEvent>
			<Condition>
				<StateMachine>
					<State id="Under" value="0">
						<Transition to="Over">
							<GreaterEqual>
								<Simvar name="PLANE ALT ABOVE GROUND MINUS CG" unit="feet"/>
								<Constant>55</Constant>
							</GreaterEqual>
						</Transition>
					</State>
					<State id="Over" value="0">
						<Transition to="Alerting">
							<LowerEqual>
								<Simvar name="PLANE ALT ABOVE GROUND MINUS CG" unit="feet"/>
								<Constant>5</Constant>
							</LowerEqual>
						</Transition>
					</State>
					<State id="Alerting" value="1">
						<Transition to="Under">
							<Constant>1</Constant>
						</Transition>
					</State>
				</StateMachine>
			</Condition>
		</Alert>
		
		<Alert>
			<Type>SoundOnly</Type>
			<SoundEvent>aural_10ft</SoundEvent>
			<Condition>
				<StateMachine>
					<State id="Under" value="0">
						<Transition to="Over">
							<GreaterEqual>
								<Simvar name="PLANE ALT ABOVE GROUND MINUS CG" unit="feet"/>
								<Constant>60</Constant>
							</GreaterEqual>
						</Transition>
					</State>
					<State id="Over" value="0">
						<Transition to="Alerting">
							<LowerEqual>
								<Simvar name="PLANE ALT ABOVE GROUND MINUS CG" unit="feet"/>
								<Constant>10</Constant>
							</LowerEqual>
						</Transition>
					</State>
					<State id="Alerting" value="1">
						<Transition to="Under">
							<Constant>1</Constant>
						</Transition>
					</State>
				</StateMachine>
			</Condition>
		</Alert>
		
		<Alert>
			<Type>SoundOnly</Type>
			<SoundEvent>aural_20ft</SoundEvent>
			<Condition>
				<StateMachine>
					<State id="Under" value="0">
						<Transition to="Over">
							<GreaterEqual>
								<Simvar name="PLANE ALT ABOVE GROUND MINUS CG" unit="feet"/>
								<Constant>70</Constant>
							</GreaterEqual>
						</Transition>
					</State>
					<State id="Over" value="0">
						<Transition to="Alerting">
							<LowerEqual>
								<Simvar name="PLANE ALT ABOVE GROUND MINUS CG" unit="feet"/>
								<Constant>20</Constant>
							</LowerEqual>
						</Transition>
					</State>
					<State id="Alerting" value="1">
						<Transition to="Under">
							<Constant>1</Constant>
						</Transition>
					</State>
				</StateMachine>
			</Condition>
		</Alert>
		
		<Alert>
			<Type>SoundOnly</Type>
			<SoundEvent>aural_30ft</SoundEvent>
			<Condition>
				<StateMachine>
					<State id="Under" value="0">
						<Transition to="Over">
							<GreaterEqual>
								<Simvar name="PLANE ALT ABOVE GROUND MINUS CG" unit="feet"/>
								<Constant>80</Constant>
							</GreaterEqual>
						</Transition>
					</State>
					<State id="Over" value="0">
						<Transition to="Alerting">
							<LowerEqual>
								<Simvar name="PLANE ALT ABOVE GROUND MINUS CG" unit="feet"/>
								<Constant>30</Constant>
							</LowerEqual>
						</Transition>
					</State>
					<State id="Alerting" value="1">
						<Transition to="Under">
							<Constant>1</Constant>
						</Transition>
					</State>
				</StateMachine>
			</Condition>
		</Alert>
		
		<Alert>
			<Type>SoundOnly</Type>
			<SoundEvent>aural_40ft</SoundEvent>
			<Condition>
				<StateMachine>
					<State id="Under" value="0">
						<Transition to="Over">
							<GreaterEqual>
								<Simvar name="PLANE ALT ABOVE GROUND MINUS CG" unit="feet"/>
								<Constant>90</Constant>
							</GreaterEqual>
						</Transition>
					</State>
					<State id="Over" value="0">
						<Transition to="Alerting">
							<LowerEqual>
								<Simvar name="PLANE ALT ABOVE GROUND MINUS CG" unit="feet"/>
								<Constant>40</Constant>
							</LowerEqual>
						</Transition>
					</State>
					<State id="Alerting" value="1">
						<Transition to="Under">
							<Constant>1</Constant>
						</Transition>
					</State>
				</StateMachine>
			</Condition>
		</Alert>
		
		<Alert>
			<Type>SoundOnly</Type>
			<SoundEvent>aural_50ft</SoundEvent>
			<Condition>
				<StateMachine>
					<State id="Under" value="0">
						<Transition to="Over">
							<GreaterEqual>
								<Simvar name="PLANE ALT ABOVE GROUND MINUS CG" unit="feet"/>
								<Constant>100</Constant>
							</GreaterEqual>
						</Transition>
					</State>
					<State id="Over" value="0">
						<Transition to="Alerting">
							<LowerEqual>
								<Simvar name="PLANE ALT ABOVE GROUND MINUS CG" unit="feet"/>
								<Constant>50</Constant>
							</LowerEqual>
						</Transition>
					</State>
					<State id="Alerting" value="1">
						<Transition to="Under">
							<Constant>1</Constant>
						</Transition>
					</State>
				</StateMachine>
			</Condition>
		</Alert>
		
		<Alert>
			<Type>SoundOnly</Type>
			<SoundEvent>aural_60ft</SoundEvent>
			<Condition>
				<StateMachine>
					<State id="Under" value="0">
						<Transition to="Over">
							<GreaterEqual>
								<Simvar name="PLANE ALT ABOVE GROUND MINUS CG" unit="feet"/>
								<Constant>110</Constant>
							</GreaterEqual>
						</Transition>
					</State>
					<State id="Over" value="0">
						<Transition to="Alerting">
							<LowerEqual>
								<Simvar name="PLANE ALT ABOVE GROUND MINUS CG" unit="feet"/>
								<Constant>60</Constant>
							</LowerEqual>
						</Transition>
					</State>
					<State id="Alerting" value="1">
						<Transition to="Under">
							<Constant>1</Constant>
						</Transition>
					</State>
				</StateMachine>
			</Condition>
		</Alert>
		
		<Alert>
			<Type>SoundOnly</Type>
			<SoundEvent>aural_70ft</SoundEvent>
			<Condition>
				<StateMachine>
					<State id="Under" value="0">
						<Transition to="Over">
							<GreaterEqual>
								<Simvar name="PLANE ALT ABOVE GROUND MINUS CG" unit="feet"/>
								<Constant>120</Constant>
							</GreaterEqual>
						</Transition>
					</State>
					<State id="Over" value="0">
						<Transition to="Alerting">
							<LowerEqual>
								<Simvar name="PLANE ALT ABOVE GROUND MINUS CG" unit="feet"/>
								<Constant>70</Constant>
							</LowerEqual>
						</Transition>
					</State>
					<State id="Alerting" value="1">
						<Transition to="Under">
							<Constant>1</Constant>
						</Transition>
					</State>
				</StateMachine>
			</Condition>
		</Alert>
		
		<Alert>
			<Type>SoundOnly</Type>
			<SoundEvent>aural_100ft</SoundEvent>
			<Condition>
				<StateMachine>
					<State id="Under" value="0">
						<Transition to="Over">
							<GreaterEqual>
								<Simvar name="PLANE ALT ABOVE GROUND MINUS CG" unit="feet"/>
								<Constant>150</Constant>
							</GreaterEqual>
						</Transition>
					</State>
					<State id="Over" value="0">
						<Transition to="Alerting">
							<LowerEqual>
								<Simvar name="PLANE ALT ABOVE GROUND MINUS CG" unit="feet"/>
								<Constant>100</Constant>
							</LowerEqual>
						</Transition>
					</State>
					<State id="Alerting" value="1">
						<Transition to="Under">
							<Constant>1</Constant>
						</Transition>
					</State>
				</StateMachine>
			</Condition>
		</Alert>
		
		<Alert>
			<Type>SoundOnly</Type>
			<SoundEvent>aural_200ft</SoundEvent>
			<Condition>
				<StateMachine>
					<State id="Under" value="0">
						<Transition to="Over">
							<GreaterEqual>
								<Simvar name="PLANE ALT ABOVE GROUND MINUS CG" unit="feet"/>
								<Constant>250</Constant>
							</GreaterEqual>
						</Transition>
					</State>
					<State id="Over" value="0">
						<Transition to="Alerting">
							<LowerEqual>
								<Simvar name="PLANE ALT ABOVE GROUND MINUS CG" unit="feet"/>
								<Constant>200</Constant>
							</LowerEqual>
						</Transition>
					</State>
					<State id="Alerting" value="1">
						<Transition to="Under">
							<Constant>1</Constant>
						</Transition>
					</State>
				</StateMachine>
			</Condition>
		</Alert>
		
		<Alert>
			<Type>SoundOnly</Type>
			<SoundEvent>aural_300ft</SoundEvent>
			<Condition>
				<StateMachine>
					<State id="Under" value="0">
						<Transition to="Over">
							<GreaterEqual>
								<Simvar name="PLANE ALT ABOVE GROUND MINUS CG" unit="feet"/>
								<Constant>350</Constant>
							</GreaterEqual>
						</Transition>
					</State>
					<State id="Over" value="0">
						<Transition to="Alerting">
							<LowerEqual>
								<Simvar name="PLANE ALT ABOVE GROUND MINUS CG" unit="feet"/>
								<Constant>300</Constant>
							</LowerEqual>
						</Transition>
					</State>
					<State id="Alerting" value="1">
						<Transition to="Under">
							<Constant>1</Constant>
						</Transition>
					</State>
				</StateMachine>
			</Condition>
		</Alert>
		
		<Alert>
			<Type>SoundOnly</Type>
			<SoundEvent>aural_400ft</SoundEvent>
			<Condition>
				<StateMachine>
					<State id="Under" value="0">
						<Transition to="Over">
							<GreaterEqual>
								<Simvar name="PLANE ALT ABOVE GROUND MINUS CG" unit="feet"/>
								<Constant>450</Constant>
							</GreaterEqual>
						</Transition>
					</State>
					<State id="Over" value="0">
						<Transition to="Alerting">
							<LowerEqual>
								<Simvar name="PLANE ALT ABOVE GROUND MINUS CG" unit="feet"/>
								<Constant>400</Constant>
							</LowerEqual>
						</Transition>
					</State>
					<State id="Alerting" value="1">
						<Transition to="Under">
							<Constant>1</Constant>
						</Transition>
					</State>
				</StateMachine>
			</Condition>
		</Alert>
		
		<Alert>
			<Type>SoundOnly</Type>
			<SoundEvent>aural_500ft</SoundEvent>
			<Condition>
				<StateMachine>
					<State id="Under" value="0">
						<Transition to="Over">
							<GreaterEqual>
								<Simvar name="PLANE ALT ABOVE GROUND MINUS CG" unit="feet"/>
								<Constant>550</Constant>
							</GreaterEqual>
						</Transition>
					</State>
					<State id="Over" value="0">
						<Transition to="Alerting">
							<LowerEqual>
								<Simvar name="PLANE ALT ABOVE GROUND MINUS CG" unit="feet"/>
								<Constant>500</Constant>
							</LowerEqual>
						</Transition>
					</State>
					<State id="Alerting" value="1">
						<Transition to="Under">
							<Constant>1</Constant>
						</Transition>
					</State>
				</StateMachine>
			</Condition>
		</Alert>
		
		<Alert>
			<Type>SoundOnly</Type>
			<SoundEvent>aural_1000ft</SoundEvent>
			<Condition>
				<StateMachine>
					<State id="Under" value="0">
						<Transition to="Over">
							<GreaterEqual>
								<Simvar name="PLANE ALT ABOVE GROUND MINUS CG" unit="feet"/>
								<Constant>1050</Constant>
							</GreaterEqual>
						</Transition>
					</State>
					<State id="Over" value="0">
						<Transition to="Alerting">
							<LowerEqual>
								<Simvar name="PLANE ALT ABOVE GROUND MINUS CG" unit="feet"/>
								<Constant>1000</Constant>
							</LowerEqual>
						</Transition>
					</State>
					<State id="Alerting" value="1">
						<Transition to="Under">
							<Constant>1</Constant>
						</Transition>
					</State>
				</StateMachine>
			</Condition>
		</Alert>
		
		<Alert>
			<Type>SoundOnly</Type>
			<SoundEvent>aural_2500ft</SoundEvent>
			<Condition>
				<StateMachine>
					<State id="Under" value="0">
						<Transition to="Over">
							<GreaterEqual>
								<Simvar name="PLANE ALT ABOVE GROUND MINUS CG" unit="feet"/>
								<Constant>2550</Constant>
							</GreaterEqual>
						</Transition>
					</State>
					<State id="Over" value="0">
						<Transition to="Alerting">
							<LowerEqual>
								<Simvar name="PLANE ALT ABOVE GROUND MINUS CG" unit="feet"/>
								<Constant>2500</Constant>
							</LowerEqual>
						</Transition>
					</State>
					<State id="Alerting" value="1">
						<Transition to="Under">
							<Constant>1</Constant>
						</Transition>
					</State>
				</StateMachine>
			</Condition>
		</Alert>
				
		<Alert>
			<Type>SoundOnly</Type>
			<SoundEvent>aural_stall</SoundEvent>
			<Condition>
				<Simvar name="STALL WARNING" unit="Bool"/>
			</Condition>
		</Alert>
		
		<Alert>
			<Type>SoundOnly</Type>
			<SoundEvent>aural_overspeed</SoundEvent>
			<Condition>
				<Simvar name="OVERSPEED WARNING" unit="bool"/>
			</Condition>
		</Alert>
		
		<Alert>
			<Type>SoundOnly</Type>
			<SoundEvent>aural_v1</SoundEvent>
			<Once>True</Once>
			<Condition>
				<StateMachine>
					<State id="Under" value="0">
						<Transition to="Alerting">
							<And>
								<Greater>
									<Simvar name="L:AIRLINER_V1_SPEED" unit="knots"/>
									<Constant>30</Constant>
								</Greater>
								
								<GreaterEqual>
									<Simvar name="AIRSPEED INDICATED" unit="knots"/>
									<Simvar name="L:AIRLINER_V1_SPEED" unit="knots"/>
								</GreaterEqual>
							</And>
						</Transition>
					</State>
					<State id="Alerting" value="1">
						<Timer time="3">
						</Timer>
					</State>
				</StateMachine>
			</Condition>
		</Alert>
	</VoicesAlerts>
</PlaneHTMLConfig>