<?xml version="1.0" encoding="utf-8" ?>
<ModelInfo>
	<LODS>
		<!-- Highest LOD -->
		<!-- minimum display size in % (should be bounding sphere vertical screen size, sphere will often be slightly larger than you expect) -->
		<!-- default minSize is 0 -->
		<LOD minSize="0" ModelFile="C17.gltf"/>
	</LODS>
	<Behaviors>
		<Include ModelBehaviorFile="Asobo\Exterior.xml"/>
		<Include ModelBehaviorFile="Asobo\Common.xml"/>
		<Include ModelBehaviorFile="Asobo\Generic\FX.xml"/>
		<Component ID="LIGHTING">
			<UseTemplate Name="ASOBO_LIGHTING_Exterior_Retractable_Light_Template">
				<LIGHT_TYPE>LANDING</LIGHT_TYPE>
				<ID>1</ID>
				<ANIM_NAME>opening_landing_light</ANIM_NAME>
			</UseTemplate>
			<UseTemplate Name="ASOBO_LIGHTING_Exterior_Retractable_Light_Template">
				<LIGHT_TYPE>LANDING</LIGHT_TYPE>
				<ID>2</ID>
				<ANIM_NAME>opening_landing_light</ANIM_NAME>
			</UseTemplate>
		</Component>
		<Component ID="HANDLING">
			<UseTemplate Name="ASOBO_HANDLING_Elevator_Template">
				<ANIM_NAME>elevator_percent_key</ANIM_NAME>
			</UseTemplate>
			<UseTemplate Name="ASOBO_HANDLING_Slats_Template">
				<ANIM_NAME_LEFT>l_slat_percent_key</ANIM_NAME_LEFT>
				<ANIM_NAME_RIGHT>r_slat_percent_key</ANIM_NAME_RIGHT>
			</UseTemplate>
			<UseTemplate Name="ASOBO_HANDLING_Elevator_Template">
				<TRIM_ONLY>True</TRIM_ONLY>
				<ANIM_NAME_TRIM>trimtab_elevator_key</ANIM_NAME_TRIM>
			</UseTemplate>
			<UseTemplate Name="ASOBO_HANDLING_Aileron_Template">
				<ANIM_NAME_LEFT>l_aileron_percent_key</ANIM_NAME_LEFT>
				<ANIM_NAME_RIGHT>r_aileron_percent_key</ANIM_NAME_RIGHT>
			</UseTemplate>
			<UseTemplate Name="ASOBO_HANDLING_Rudder_Template">
				<ANIM_NAME>rudder_percent_key</ANIM_NAME>
				<USE_INTEGRATED_TRIM>True</USE_INTEGRATED_TRIM>
			</UseTemplate>
			<UseTemplate Name="ASOBO_HANDLING_Spoilers_Template">
				<ANIM_NAME_LEFT>l_spoiler_key</ANIM_NAME_LEFT>
				<ANIM_NAME_RIGHT>r_spoiler_key</ANIM_NAME_RIGHT>
				<!-- ANIM_EVENTS -->
				<ANIM_EVENT_EFFECT_NAME>CAM_SPOILERS</ANIM_EVENT_EFFECT_NAME>
				<NORMALIZED_TIME>0.5</NORMALIZED_TIME>
				<DIRECTION>Both</DIRECTION>
			</UseTemplate>
			<UseTemplate Name="ASOBO_HANDLING_Flaps_Template">
				<ANIM_NAME_LEFT>l_flap_percent_key</ANIM_NAME_LEFT>
				<ANIM_NAME_RIGHT>r_flap_percent_key</ANIM_NAME_RIGHT>
				<!-- ANIM_EVENTS -->
				<ANIM_EVENT_EFFECT_NAME_1>CAM_FLAPS01</ANIM_EVENT_EFFECT_NAME_1>
				<NORMALIZED_TIME_1>0.01</NORMALIZED_TIME_1>
				<DIRECTION_1>Both</DIRECTION_1>
				<ANIM_EVENT_EFFECT_NAME_2>CAM_FLAPS02</ANIM_EVENT_EFFECT_NAME_2>
				<NORMALIZED_TIME_2>0.15</NORMALIZED_TIME_2>
				<DIRECTION_2>Both</DIRECTION_2>
				<ANIM_EVENT_EFFECT_NAME_3>CAM_FLAPS03</ANIM_EVENT_EFFECT_NAME_3>
				<NORMALIZED_TIME_3>0.29</NORMALIZED_TIME_3>
				<DIRECTION_3>Both</DIRECTION_3>
				<ANIM_EVENT_EFFECT_NAME_4>CAM_FLAPS04</ANIM_EVENT_EFFECT_NAME_4>
				<NORMALIZED_TIME_4>0.43</NORMALIZED_TIME_4>
				<DIRECTION_4>Both</DIRECTION_4>
				<ANIM_EVENT_EFFECT_NAME_5>CAM_FLAPS05</ANIM_EVENT_EFFECT_NAME_5>
				<NORMALIZED_TIME_5>0.58</NORMALIZED_TIME_5>
				<DIRECTION_5>Both</DIRECTION_5>
			</UseTemplate>
			<UseTemplate Name="ASOBO_HANDLING_Wipers_Template">
			<CIRCUIT_ID_WIPERS>111</CIRCUIT_ID_WIPERS>
		</UseTemplate>
		</Component>
		<Component ID="GEARS">
			<UseTemplate Name="ASOBO_GEAR_Center_Template">
				<ANIM_NAME>c_gear</ANIM_NAME>
			</UseTemplate>
			<UseTemplate Name="ASOBO_GEAR_Left_Template">
				<ANIM_NAME>l_gear</ANIM_NAME>
			</UseTemplate>
			<UseTemplate Name="ASOBO_GEAR_Right_Template">
				<ANIM_NAME>r_gear</ANIM_NAME>
				<!-- ANIM EVENTS -->
				<ANIM_EVENT_EFFECT_NAME>CAM_LANDINGGEARS</ANIM_EVENT_EFFECT_NAME>
				<NORMALIZED_TIME>0.5</NORMALIZED_TIME>
				<DIRECTION>Both</DIRECTION>
			</UseTemplate>
			<UseTemplate Name="ASOBO_GEAR_Center_Tire_Template">
				<ANIM_NAME>c_tire_key</ANIM_NAME>
				<NODE_ID_STILL>Wheel_Nose_center</NODE_ID_STILL>
				<NODE_ID_BLURRED>Wheel_Nose_blurred</NODE_ID_BLURRED>
				<MIN_RPM_FOR_BLUR>100</MIN_RPM_FOR_BLUR>
			</UseTemplate>
			<UseTemplate Name="ASOBO_GEAR_Left_Tire_Template">
				<ANIM_NAME>l_tire_key</ANIM_NAME>
				<NODE_ID_STILL>LANDINGGEAR_Still_Left</NODE_ID_STILL>
				<NODE_ID_STILL_2>LANDINGGEAR2_Still_Left</NODE_ID_STILL_2>
				<NODE_ID_STILL_3>LANDINGGEAR3_Still_Left</NODE_ID_STILL_3>
				<NODE_ID_STILL_4>LANDINGGEAR4_Still_Left</NODE_ID_STILL_4>
				<NODE_ID_BLURRED>LANDINGGEAR_Blurred_Left</NODE_ID_BLURRED>
				<NODE_ID_BLURRED_2>LANDINGGEAR2_Blurred_Left</NODE_ID_BLURRED_2>
				<NODE_ID_BLURRED_3>LANDINGGEAR3_Blurred_Left</NODE_ID_BLURRED_3>
				<NODE_ID_BLURRED_4>LANDINGGEAR4_Blurred_Left</NODE_ID_BLURRED_4>
				<MIN_RPM_FOR_BLUR>100</MIN_RPM_FOR_BLUR>
			</UseTemplate>
			<UseTemplate Name="ASOBO_GEAR_Right_Tire_Template">
				<ANIM_NAME>r_tire_key</ANIM_NAME>
				<NODE_ID_STILL>LANDINGGEAR_Still_Right</NODE_ID_STILL>
				<NODE_ID_STILL_2>LANDINGGEAR2_Still_Right</NODE_ID_STILL_2>
				<NODE_ID_STILL_3>LANDINGGEAR3_Still_Right</NODE_ID_STILL_3>
				<NODE_ID_STILL_4>LANDINGGEAR4_Still_Right</NODE_ID_STILL_4>
				<NODE_ID_BLURRED>LANDINGGEAR_Blurred_Right</NODE_ID_BLURRED>
				<NODE_ID_BLURRED_2>LANDINGGEAR2_Blurred_Right</NODE_ID_BLURRED_2>
				<NODE_ID_BLURRED_3>LANDINGGEAR3_Blurred_Right</NODE_ID_BLURRED_3>
				<NODE_ID_BLURRED_4>LANDINGGEAR4_Blurred_Right</NODE_ID_BLURRED_4>
				<MIN_RPM_FOR_BLUR>100</MIN_RPM_FOR_BLUR>
			</UseTemplate>
		</Component>
		<Component ID="ENGINE">
			<DefaultTemplateParameters>
				<STILL_NODE_ID_COUNT>2</STILL_NODE_ID_COUNT>
			</DefaultTemplateParameters>
			<UseTemplate Name="ASOBO_ENGINE_Turbine_Template">
				<ID>1</ID>
				<ANIM_NODE_ID>N1_1_anim</ANIM_NODE_ID>
				<ANIM_NAME>N1_1_anim</ANIM_NAME>
				<STILL_NODE_ID>PROP_1_STILL_LEFT</STILL_NODE_ID>
				<SLOW_NODE_ID>PROP_1_SLOW_LEFT</SLOW_NODE_ID>
				<BLURRED_NODE_ID>PROP_1_BLURRED_LEFT</BLURRED_NODE_ID>
			</UseTemplate>
			<UseTemplate Name="ASOBO_ENGINE_Turbine_Template">
				<ID>2</ID>
				<ANIM_NODE_ID>N1_2_anim</ANIM_NODE_ID>
				<ANIM_NAME>N1_2_anim</ANIM_NAME>
				<STILL_NODE_ID>PROP_2_STILL_LEFT</STILL_NODE_ID>
				<SLOW_NODE_ID>PROP_2_SLOW_LEFT</SLOW_NODE_ID>
				<BLURRED_NODE_ID>PROP_2_BLURRED_LEFT</BLURRED_NODE_ID>
			</UseTemplate>
			<UseTemplate Name="ASOBO_ENGINE_Turbine_Template">
				<ID>3</ID>
				<ANIM_NODE_ID>N1_3_anim</ANIM_NODE_ID>
				<ANIM_NAME>N1_3_anim</ANIM_NAME>
				<STILL_NODE_ID>PROP_3_STILL_RIGHT</STILL_NODE_ID>
				<SLOW_NODE_ID>PROP_3_SLOW_RIGHT</SLOW_NODE_ID>
				<BLURRED_NODE_ID>PROP_3_BLURRED_RIGHT</BLURRED_NODE_ID>
			</UseTemplate>
			<UseTemplate Name="ASOBO_ENGINE_Turbine_Template">
				<ID>4</ID>
				<ANIM_NODE_ID>N1_4_anim</ANIM_NODE_ID>
				<ANIM_NAME>N1_4_anim</ANIM_NAME>
				<STILL_NODE_ID>PROP_4_STILL_RIGHT</STILL_NODE_ID>
				<SLOW_NODE_ID>PROP_4_SLOW_RIGHT</SLOW_NODE_ID>
				<BLURRED_NODE_ID>PROP_4_BLURRED_RIGHT</BLURRED_NODE_ID>
			</UseTemplate>
			<UseTemplate Name="ASOBO_ENGINE_Turbine_ReverseThrust_Template">
				<ID>1</ID>
				<ANIM_NAME>thrust_rev_1</ANIM_NAME>
			</UseTemplate>
			<UseTemplate Name="ASOBO_ENGINE_Turbine_ReverseThrust_Template">
				<ID>2</ID>
				<ANIM_NAME>thrust_rev_2</ANIM_NAME>
			</UseTemplate>
			<UseTemplate Name="ASOBO_ENGINE_Turbine_ReverseThrust_Template">
				<ID>3</ID>
				<ANIM_NAME>thrust_rev_3</ANIM_NAME>
			</UseTemplate>
			<UseTemplate Name="ASOBO_ENGINE_Turbine_ReverseThrust_Template">
				<ID>4</ID>
				<ANIM_NAME>thrust_rev_4</ANIM_NAME>
			</UseTemplate>
		</Component>
		<Component ID="INTERACTIVE_POINTS">
			<UseTemplate Name="ASOBO_FuelHose_InteractivePoint_Template">
				<ID>9</ID>
				<NODE_ID>GROUND_FUELPIPE</NODE_ID>
			</UseTemplate>
			<UseTemplate Name="ASOBO_FuelHose_InteractivePoint_Template">
				<ID>8</ID>
				<NODE_ID>GROUND_GPUPIPE</NODE_ID>
			</UseTemplate>
		</Component>
		<Component ID="FX_TIRE_CONTACT">
			<DefaultTemplateParameters> 
				<FX_DURATION>5</FX_DURATION>
				<FX_OFFSET_X>0</FX_OFFSET_X>
				<FX_OFFSET_Y>0</FX_OFFSET_Y>
				<FX_OFFSET_Z>0</FX_OFFSET_Z>
				<FX_GUID>{7E68323C-E75D-4F5B-988E-65DD4956F6BA}</FX_GUID>
				<FX_NAME>SMOKE_ON_TIRE_CONTACT</FX_NAME>
			</DefaultTemplateParameters>
			<Component ID="FX_TIRE_CONTACT_front_left" Node="LeftFrontBaseWheel">
				<UseTemplate Name="ASOBO_GT_FX">
					<FX_CODE>(A:GEAR IS SKIDDING:1, Keyframe) 0 &gt;</FX_CODE>
				</UseTemplate>
			</Component>
			<Component ID="FX_TIRE_CONTACT_front_right" Node="RightFrontBaseWheel">
				<UseTemplate Name="ASOBO_GT_FX">
					<FX_CODE>(A:GEAR IS SKIDDING:2, Keyframe) 0 &gt;</FX_CODE>
				</UseTemplate>
			</Component>
			<Component ID="FX_TIRE_CONTACT_back_left" Node="LeftBackBaseWheel">
				<UseTemplate Name="ASOBO_GT_FX">
					<FX_CODE>(A:GEAR IS SKIDDING:3, Keyframe) 0 &gt;</FX_CODE>
				</UseTemplate>
			</Component>
			<Component ID="FX_TIRE_CONTACT_back_right" Node="RightBackBaseWheel">
				<UseTemplate Name="ASOBO_GT_FX">
					<FX_CODE>(A:GEAR IS SKIDDING:3, Keyframe) 0 &gt;</FX_CODE>
				</UseTemplate>
			</Component>
			<Component ID="FX_TIRE_CONTACT_center" Node="CenterWheel">
				<UseTemplate Name="ASOBO_GT_FX">
					<FX_CODE>(A:GEAR IS SKIDDING:0, Keyframe) 0 &gt;</FX_CODE>
				</UseTemplate>
			</Component>
		</Component>
		<Component ID="FX_CONTRAIL_QUAD">
			<OverrideTemplateParameters>
					<FX_CODE>(A:CONTRAILS CONDITIONS MET:1, Keyframe) 0 &gt;</FX_CODE>
					<FX_OFFSET_X>0</FX_OFFSET_X>
					<FX_OFFSET_Y>0</FX_OFFSET_Y>
					<FX_OFFSET_Z>0</FX_OFFSET_Z>
					<FX_GUID>{F42CE638-11EB-4FC8-B9B0-111A220D681F}</FX_GUID>
					<FX_NAME>FX_CONTRAILS</FX_NAME>
			</OverrideTemplateParameters>
			<Component ID="FX_CONTRAIL_QUAD_LEFT_IN" Node="L1_EngineFX">
				<UseTemplate Name="ASOBO_GT_FX">
				</UseTemplate>
			</Component>
			<Component ID="FX_CONTRAIL_QUAD_LEFT_OUT" Node="L2_EngineFX">
				<UseTemplate Name="ASOBO_GT_FX">
				</UseTemplate>
			</Component>
			<Component ID="FX_CONTRAIL_QUAD_RIGHT_IN" Node="R1_EngineFX">
				<UseTemplate Name="ASOBO_GT_FX">
				</UseTemplate>
			</Component>
			<Component ID="FX_CONTRAIL_QUAD_RIGHT_OUT" Node="R2_EngineFX">
				<UseTemplate Name="ASOBO_GT_FX">
				</UseTemplate>
			</Component>
		</Component>
		<Component ID="FX_CONTRAIL_RIBBON">
			<OverrideTemplateParameters>
					<FX_CODE>(A:CONTRAILS CONDITIONS MET:1, Keyframe) 0 &gt;</FX_CODE>
					<FX_OFFSET_X>0</FX_OFFSET_X>
					<FX_OFFSET_Y>0</FX_OFFSET_Y>
					<FX_OFFSET_Z>0</FX_OFFSET_Z>
					<FX_GUID>{904EC2CE-F8DD-4480-99E7-B33F7CF6E114}</FX_GUID>
					<FX_NAME>FX_CONTRAILS_RIBBON</FX_NAME>
			</OverrideTemplateParameters>
			<Component ID="FX_CONTRAIL_RIBBON_LEFT_OUT" Node="L2_EngineFX">
				<UseTemplate Name="ASOBO_GT_FX">
				</UseTemplate>
			</Component>
			<Component ID="FX_CONTRAIL_RIBBON_RIGHT_OUT" Node="R2_EngineFX">
				<UseTemplate Name="ASOBO_GT_FX">
				</UseTemplate>
			</Component>
		</Component>
	</Behaviors>
<Animation name="canopyanimation" guid="d92a6b27-6097-4fb0-a66f-5a1451c76414" length="100" type="Sim" typeparam2="canopyanimation" typeparam="AutoPlay" />
    <PartInfo>
        <Name>canopyanimation</Name>
        <AnimLength>100</AnimLength>
        <Animation>
            <Parameter>
				 <Code>(L:DOORS_OPEN_ALL, bool) 100 *</Code>
				<Lag>20</Lag>
        </Parameter>
        </Animation>
    </PartInfo>
<Animation name="l_wing_flex" guid="29b17cb1-6891-41c3-b88a-112c2bd91d5f" length="100" type="Sim" typeParam2="l_wing_flex" typeParam="AutoPlay" />
<Animation name="r_wing_flex" guid="4b8c8dca-b810-4c3c-98e5-576757872749" length="100" type="Sim" typeParam2="r_wing_flex" typeParam="AutoPlay" />
	  <PartInfo>
			<Name>r_wing_flex</Name>
			<AnimLength>100</AnimLength>
			<Animation>
				<Parameter>
					<Sim>
						<Variable>WING FLEX PCT:2</Variable>
						<Scale>0.5</Scale>
						<Units>percent</Units>
						<Bias>50</Bias>
					</Sim>
				</Parameter>
			</Animation>
		</PartInfo>
		<PartInfo>
			<Name>l_wing_flex</Name>
			<AnimLength>100</AnimLength>
			<Animation>
				<Parameter>
					<Sim>
						<Variable>WING FLEX PCT:1</Variable>
						<Scale>0.5</Scale>
						<Units>percent</Units>
						<Bias>50</Bias>
					</Sim>
				</Parameter>
			</Animation>
		</PartInfo>
<!-- REFUEL LIGHTS-->
<Animation name="WINDSHIELD_ANI" guid="00d21182-febf-49a4-8205-01a259da901b" length="1" type="Sim" typeParam2="WINDSHIELD_ANI" typeParam="AutoPlay" />
<PartInfo>
    <Name>WINDSHIELD_ANI</Name>
    <AnimLength>1</AnimLength>
    <Visibility>
        <Parameter>
            <Code>
        (L:WINDSHIELD_DISABLE, bool) 0 == if{ 1 } els{ 0 }
            </Code>
        </Parameter>
    </Visibility>
</PartInfo>

<Animation name="REFUEL_LIGHT" guid="c81d560e-cd12-4c98-af43-771a54fbef07" length="1" type="Sim" typeParam2="REFUEL_LIGHT" typeParam="AutoPlay" />
<PartInfo>
    <Name>REFUEL_LIGHT</Name>
    <AnimLength>1</AnimLength>
    <Visibility>
        <Parameter>
            <Code>
        (L:REFUEL_LIGHT, bool) 0 == if{ 1 } els{ 0 }
            </Code>
        </Parameter>
    </Visibility>
</PartInfo>
<!-- HUMMER-TRIGGERED OVER 15K POUNDS-->
<Animation name="humvee" guid="f63102d4-70d5-438f-bad2-3d6ef0aa0725" length="1" type="Sim" typeParam2="humvee" typeParam="AutoPlay" />
<PartInfo>
    <Name>humvee</Name>
    <AnimLength>1</AnimLength>
    <Visibility>
        <Parameter>
            <Code>(A:Payload Station Weight:4, pounds) 10000 &gt;
				(A:Payload Station Weight:4, pounds) 15000 &lt; &amp;&amp;
				 if{ 1 } els{ 0 }
			</Code>
        </Parameter>
    </Visibility>
</PartInfo>
<Animation name="MWRAP" guid="3379ab61-49fb-44c2-89a5-3f6b8a5c6e93" length="1" type="Sim" typeParam2="MWRAP" typeParam="AutoPlay" />
<PartInfo>
    <Name>MWRAP</Name>
    <AnimLength>1</AnimLength>
    <Visibility>
        <Parameter>
            <Code>(A:Payload Station Weight:4, pounds) 15000 &gt;
				(A:Payload Station Weight:4, pounds) 30000 &lt; &amp;&amp;
				 if{ 1 } els{ 0 }
			</Code>
        </Parameter>
    </Visibility>
</PartInfo>

<Animation name="c_wheel" guid="ba2e1e81-3bed-424d-b789-6e79ebee4bda" length="200" type="Sim" typeparam2="c_wheel" typeparam="AutoPlay" />
	  <PartInfo>
		  <Name>c_wheel</Name>
		  <AnimLength>200</AnimLength>
		  <Animation>
			  <Parameter>
				<Code>
				  (A:GEAR CENTER STEER ANGLE, degree) 0 &gt; if{ (A:GEAR CENTER STEER ANGLE, degree) 0.5 * 100 + } els{ (A:GEAR CENTER STEER ANGLE, degree) 0.5 * 200 + }
				</Code>
			  </Parameter>
		  </Animation>
	  </PartInfo>
<Animation name="doorfront" guid="bfe53d1d-7b4c-495f-84ec-586bcb249fbd" length="50" type="Sim" typeparam2="doorfront" typeparam="AutoPlay" />
	  <PartInfo>
		  <Name>doorfront</Name>
		  <AnimLength>50</AnimLength>
		  <Animation>
			  <Parameter>
				  <Code>(L:DOORS_OPEN_FRONT, bool) 50 *</Code>
				  <Lag>20</Lag>
		  </Parameter>
		  </Animation>
		  <MouseRect>
			  <Cursor>Hand</Cursor>
			  <HelpID>HELPID_DOOR_FRONT</HelpID>
			  <TooltipID>TOOLTIPTEXT_DOOR_FRONT</TooltipID>
			  <CallbackCode>(L:DOORS_OPEN_FRONT, bool) ! (>L:DOORS_OPEN_FRONT, bool)
		  </CallbackCode>
		  </MouseRect>
	  </PartInfo>
<Animation name="reardoor" guid="2e1b0e06-f49c-4013-8b51-a0112cc35559" length="100" type="Sim" typeparam2="reardoor" typeparam="AutoPlay" />
	  <PartInfo>
		  <Name>reardoor</Name>
		  <AnimLength>50</AnimLength>
		  <Animation>
			  <Parameter>
				   <Code>(L:DOORS_OPEN_REAR, bool) 50 *</Code>
				  <Lag>20</Lag>
		  </Parameter>
		  </Animation>
		  <MouseRect>
			  <Cursor>Hand</Cursor>
			  <HelpID>HELPID_REAR_DOOR</HelpID>
			  <TooltipID>TOOLTIPTEXT_REAR_DOOR</TooltipID>
			  <CallbackCode>(L:DOORS_OPEN_REAR, bool) ! (>L:DOORS_OPEN_REAR, bool)
		  </CallbackCode>
		  </MouseRect>
	  </PartInfo>
<Animation name="Refuel door" guid="430b1bbc-0a25-4cf1-a877-d3288e3de9e9" length="80" type="Sim" typeparam2="Refuel door" typeparam="AutoPlay" />
	  <PartInfo>
		  <Name>Refuel door</Name>
		  <AnimLength>80</AnimLength>
		  <Animation>
			  <Parameter>
				   <Code>(L:Fuel_door, bool) 80 *</Code>
				  <Lag>20</Lag>
		  </Parameter>
		  </Animation>
	  </PartInfo>
<Animation name="ReFuel" guid="ee1de786-dd28-4070-b7aa-c97db04dda47" length="80" type="Sim" typeparam2="ReFuel" typeparam="AutoPlay" />
	  <PartInfo>
		  <Name>ReFuel</Name>
		  <AnimLength>80</AnimLength>
		  <Animation>
			  <Parameter>
				   <Code>(L:REFUEL_LIGHT,bool, bool) 80 *</Code>
				  <Lag>20</Lag>
		  </Parameter>
		  </Animation>
	  </PartInfo>
<Animation name="r_gear" guid="77C00B94-DDA1-450a-B725-1E2B4ADF6BC8" length="100" type="Sim" typeparam2="r_gear" typeparam="AutoPlay" />
	  <PartInfo>
		  <Name>r_gear</Name>
		  <Copy>c_gear</Copy>
		  <AnimLength>100</AnimLength>
		  <Animation>
			  <Parameter>
				  <Sim>
					  <Variable>GEAR ANIMATION POSITION:2</Variable>
				  </Sim>
			  </Parameter>
		  </Animation>
	  </PartInfo>

</ModelInfo>